rec-id,gender,gname,fname,postcode,age,occup
rec-000-dup-0,m,calyb,webb,2905,NA,5
rec-000-org,m,caleb,webb,2905,s,5
rec-001-dup-0,m,ethan,schopiiian,2617,f,NA
rec-001-org,m,ethan,schopman,2617,f,3
rec-002-dup-0,f,josefine,coulson,2614,NA,3
rec-002-org,f,josephine,coulson,2614,g,3
rec-003-dup-0,f,aahku,klemm,2602,f,4
rec-003-org,f,arki,klemm,2602,f,3
rec-004-dup-0,m,adam,bsyet,2617,g,NA
rec-004-org,m,adam,bayet,2617,g,2
rec-005-dup-0,f,alic'la,pelling,2607,h,5
rec-005-org,f,alicia,belling,2607,h,5
rec-006-dup-0,m,ky,passell,2611,NA,3
rec-006-org,m,ky,passell,2611,f,2
rec-007-dup-0,f,simome,forbes-ewan,2607,NA,2
rec-007-org,f,simone,forbes-ewan,2607,d,2
rec-008-dup-0,f,mefan,lock,2602,d,5
rec-008-org,f,megan,lock,2602,d,4
rec-009-dup-0,m,benjamin,batti5son,2614,h,1
rec-009-org,m,benjamin,battisson,2614,j,1
rec-010-dup-0,f,keorg:a,ballantyne,2611,g,3
rec-010-org,f,georgia,ballantyne,2611,g,2
rec-011-dup-0,f,jojelyn,hiltob,2605,d,1
rec-011-org,f,joselyn,hilton,2605,d,1
rec-012-dup-0,m,max,wakpole,2611,j,3
rec-012-org,m,max,walpole,2611,j,2
rec-013-dup-0,f,mati|cla,low,2615,d,8
rec-013-org,f,matilda,lowe,2615,d,8
rec-014-dup-0,f,eboxy,thorpe,2615,k,NA
rec-014-org,f,ebony,thorpe,2615,k,8
rec-015-dup-0,f,makfyka,couzens,2617,g,4
rec-015-org,f,makayla,couzens,2617,g,5
rec-016-dup-0,f,kiandrap,tallaroida,2615,d,3
rec-016-org,f,kiandra,tallarida,2615,d,3
rec-017-dup-0,m,jared,dixin,2611,g,8
rec-017-org,m,jared,dixon,2611,g,7
rec-018-dup-0,f,georgya,edhousr,2611,k,8
rec-018-org,f,georgia,edhouse,2611,k,8
rec-019-dup-0,f,jad,asser,2602,d,7
rec-019-org,f,jade,asser,2602,d,8
rec-020-dup-0,m,ronsri,noack,2603,NA,3
rec-020-org,m,ronan,noack,2603,f,3
rec-021-dup-0,m,shawn,cilquhon,2611,f,8
rec-021-org,m,shawn,colquhoun,2611,f,7
rec-022-dup-0,m,brody,scarles,2905,NA,1
rec-022-org,m,brody,scarles,2905,f,2
rec-023-dup-0,f,elly,finev,2617,f,NA
rec-023-org,f,elly,finey,2617,f,2
rec-024-dup-0,f,isabekla,fretwell,2602,d,NA
rec-024-org,f,isabella,fretwell,2602,d,2
rec-025-dup-0,m,nathan,greeb,2615,a,4
rec-025-org,m,nathan,green,2615,s,4
rec-026-dup-0,f,daiella,vincent,2904,h,3
rec-026-org,f,daniella,vincent,2904,g,3
rec-027-dup-0,m,calebg,campbell,2904,NA,8
rec-027-org,m,caleb,campbell,2904,d,8
rec-028-dup-0,f,phoebe,campbrll,2611,s,5
rec-028-org,f,phoebe,campbell,2611,s,6
rec-029-dup-0,m,lu1<r,fenwick,2614,d,NA
rec-029-org,m,luke,fenwick,2614,d,7
rec-030-dup-0,m,brote,qvinteros,2606,k,3
rec-030-org,m,brodee,quinteros,2606,k,3
rec-031-dup-0,f,gecorgia,baars,2615,NA,1
rec-031-org,f,georgia,baars,2615,h,1
rec-032-dup-0,f,giorgia,campbrll,2904,NA,2
rec-032-org,f,giorgia,campbell,2904,h,2
rec-033-dup-0,f,gemali,pasuoe,2903,g,2
rec-033-org,f,gemaley,pascoe,2903,g,2
rec-034-dup-0,f,eluse,mcgurk,2615,NA,2
rec-034-org,f,elise,mcgurk,2615,s,2
rec-035-dup-0,m,luke,lopton,2905,NA,6
rec-035-org,m,luke,lipton,2905,s,6
rec-036-dup-0,f,elija,turtur,2906,h,2
rec-036-org,f,eliza,turtur,2906,j,2
rec-037-dup-0,f,charlotte,whitw,2904,NA,2
rec-037-org,f,charlotte,white,2904,g,2
rec-038-dup-0,f,olicia,matthews,2611,h,6
rec-038-org,f,olivia,matthews,2611,h,5
rec-039-dup-0,f,chelsea,crosthwa'lte,2906,NA,8
rec-039-org,f,chelsea,crosthwaite,2906,a,8
rec-040-dup-0,f,cadherine,bernath,2602,d,7
rec-040-org,f,catherine,bernath,2602,d,8
rec-041-dup-0,m,caleb,coridaas,2614,j,NA
rec-041-org,m,caleb,coridas,2614,j,2
rec-042-dup-0,m,rilev,beattie,2614,g,4
rec-042-org,m,riley,beattie,2614,f,4
rec-043-dup-0,m,jack,campbrll,2604,f,NA
rec-043-org,m,jack,campbell,2604,f,6
rec-044-dup-0,m,william,mansn,2612,d,5
rec-044-org,m,william,manson,2612,d,6
rec-045-dup-0,m,joel,kammernann,2617,d,3
rec-045-org,m,joel,kammermann,2617,f,3
rec-046-dup-0,m,benedict,gonzalrs,2611,h,3
rec-046-org,m,benedict,gonzales,2611,j,3
rec-047-dup-0,m,hunter,nguyen,2604,h,NA
rec-047-org,m,hunter,nguyen,2604,j,2
rec-048-dup-0,m,domin0c,pain,2617,d,3
rec-048-org,m,dominic,paine,2617,d,3
rec-049-dup-0,f,jair,moulton,2904,a,7
rec-049-org,f,jaime,moulton,2904,a,6
rec-050-dup-0,f,mia,nguyrn,2615,NA,2
rec-050-org,f,mia,nguyen,2615,d,2
rec-051-dup-0,f,jade,viezazi,2615,s,4
rec-051-org,f,jade,viezzi,2615,s,2
rec-052-dup-0,m,matthew,bloomfield,2617,g,NA
rec-052-org,m,matthew,bloomfield,2617,f,6
rec-053-dup-0,f,ellie,stephenson,2605,NA,NA
rec-053-org,f,ellie,stephenson,2605,k,4
rec-054-dup-0,f,ckayla,fitzpatrick,2615,d,NA
rec-054-org,f,kayla,fitzpatrick,2615,d,2
rec-055-dup-0,f,kate1yn,clarke,2902,h,NA
rec-055-org,f,katelyn,clarke,2902,h,1
rec-056-dup-0,m,haydwn,cannell,2615,a,NA
rec-056-org,m,hayden,cannell,2615,a,4
rec-057-dup-0,f,elisha,georgw,2606,NA,3
rec-057-org,f,elisha,george,2606,f,3
rec-058-dup-0,f,lonise,kyriacou,2611,f,3
rec-058-org,f,louise,kyriacou,2611,g,3
rec-059-dup-0,m,jacol>,wisteman,2905,f,2
rec-059-org,m,jacob,wiseman,2905,f,2
rec-060-dup-0,m,jimon,hyland,2906,g,2
rec-060-org,m,simon,hyland,2906,g,3
rec-061-dup-0,m,daniel,priejt,2615,f,NA
rec-061-org,m,daniel,priest,2615,f,4
rec-062-dup-0,f,shanaye,tiller,2913,NA,1
rec-062-org,f,shanaye,tiller,2913,f,2
rec-063-dup-0,m,tyler,gazparin,2902,d,1
rec-063-org,m,tyler,gasparin,2902,f,1
rec-064-dup-0,f,anicka,ziersch,2611,g,NA
rec-064-org,f,anika,ziersch,2611,g,3
rec-065-dup-0,m,zachary,mchughes,2614,NA,5
rec-065-org,m,zachary,mchughes,2614,f,4
rec-066-dup-0,m,blakeston,haberf'leld,2604,NA,4
rec-066-org,m,blakeston,haberfield,2604,f,4
rec-067-dup-0,m,dyllan,maynard,2614,NA,5
rec-067-org,m,dylan,maynard,2614,g,5
rec-068-dup-0,m,sepastian,killi,2913,f,6
rec-068-org,m,sebastian,killip,2913,f,6
rec-069-dup-0,f,sascha,pa5sera,2607,j,6
rec-069-org,f,sascha,passera,2607,j,7
rec-070-dup-0,f,paipge,bissett,2617,f,4
rec-070-org,f,paige,bissett,2617,f,5
rec-071-dup-0,m,jacpb,wllling,2604,j,3
rec-071-org,m,jacob,willing,2604,j,3
rec-072-dup-0,m,joshua,campbeil,2906,s,3
rec-072-org,m,joshua,campbell,2906,d,3
rec-073-dup-0,f,jasmin,green,2903,g,NA
rec-073-org,f,jasmine,green,2903,g,5
rec-074-dup-0,m,jackson,papageor9iou,2602,NA,8
rec-074-org,m,jackson,papageorgiou,2602,f,8
rec-075-dup-0,m,benjamin,riddekl,2614,NA,1
rec-075-org,m,benjamin,riddell,2614,f,1
rec-076-dup-0,m,blake,colenan,2607,h,5
rec-076-org,m,blake,coleman,2607,g,5
rec-077-dup-0,f,samanta,atjo,2607,k,8
rec-077-org,f,samantha,hatji,2607,k,8
rec-078-dup-0,f,seanma,cole-adams,2604,s,3
rec-078-org,f,seanna,cole-adams,2604,a,3
rec-079-dup-0,f,likian,mclachlam,2604,g,3
rec-079-org,f,lilian,mclachlam,2604,f,3
rec-080-dup-0,f,rachel,la falce,2605,NA,4
rec-080-org,f,rachel,la falce,2605,f,3
rec-081-dup-0,m,douglase,herbert,2913,g,NA
rec-081-org,m,douglas,herbert,2913,g,1
rec-082-dup-0,m,jayden,stabbith,2605,f,NA
rec-082-org,m,jayden,sabbith,2605,f,3
rec-083-dup-0,m,coby,bijsett,2604,g,NA
rec-083-org,m,coby,bissett,2604,g,2
rec-084-dup-0,f,tarshya,gada,2600,a,2
rec-084-org,f,tarshya,gade,2600,a,3
rec-085-dup-0,f,elizx,herbert,2905,f,6
rec-085-org,f,eliza,herbert,2905,g,6
rec-086-dup-0,f,jophie,white,2600,d,NA
rec-086-org,f,sophie,white,2600,d,2
rec-087-dup-0,f,tia,dalrymple,2617,d,NA
rec-087-org,f,tia,dalrymple,2617,s,7
rec-088-dup-0,m,lewis,trinble,2611,g,NA
rec-088-org,m,lewis,trimble,2611,g,6
rec-089-dup-0,f,erin,thirpe,2905,l,8
rec-089-org,f,erin,thorpe,2905,j,8
rec-090-dup-0,f,anber,akritidis,2906,NA,2
rec-090-org,f,amber,akritidis,2906,d,2
rec-091-dup-0,f,kelsey,kammermann,2607,NA,2
rec-091-org,f,kelsey,kammermann,2607,d,1
rec-092-dup-0,m,quinn,mathr,2617,h,5
rec-092-org,m,quinn,mathe,2617,g,5
rec-093-dup-0,f,kvlee,hit,2615,d,3
rec-093-org,f,kylee,white,2615,d,3
rec-094-dup-0,m,zazc,whtt,2617,f,4
rec-094-org,m,zac,white,2617,f,4
rec-095-dup-0,f,charlotte,rei,2914,a,NA
rec-095-org,f,charlotte,reid,2914,a,6
rec-096-dup-0,m,oliver,kampnell,2602,NA,3
rec-096-org,m,oliver,campbell,2602,f,3
rec-097-dup-0,m,joshua,dixon,2905,NA,NA
rec-097-org,m,joshua,dixon,2905,g,6
rec-098-dup-0,f,alessandria,truman,2606,NA,6
rec-098-org,f,alessandria,truman,2606,g,5
rec-099-dup-0,m,sachim,lambton-young,2609,f,4
rec-099-org,m,sachin,lambton-young,2609,f,5
rec-100-dup-0,f,saschs,daish,2615,a,4
rec-100-org,f,sascha,daish,2615,s,4
rec-101-dup-0,f,gabrielle,green,2617,NA,NA
rec-101-org,f,gabrielle,green,2617,h,4
rec-102-dup-0,m,iain,wh'lte,2903,f,1
rec-102-org,m,iain,white,2903,f,2
rec-103-dup-0,m,lewis,wojtyna,2604,g,4
rec-103-org,m,lewis,wojtyna,2604,h,5
rec-104-dup-0,m,finnbar,humphry5,2913,f,6
rec-104-org,m,finnbar,humphreys,2913,f,5
rec-105-dup-0,m,connor,wbite,2600,g,NA
rec-105-org,m,connor,white,2600,g,2
rec-106-dup-0,m,nicholas,orpwood,2612,d,NA
rec-106-org,m,nicholas,orpwood,2612,f,4
rec-107-dup-0,f,asha,oeofner,2904,g,NA
rec-107-org,f,asha,hoepfner,2904,g,2
rec-108-dup-0,f,roberta,holyoak,2906,NA,3
rec-108-org,f,roberta,holyoak,2906,d,2
rec-109-dup-0,f,kiars,slape,2606,d,NA
rec-109-org,f,kiara,slape,2606,d,6
rec-110-dup-0,m,joe1,oo,2615,g,1
rec-110-org,m,joel,oo,2615,f,1
rec-111-dup-0,m,jacob,cremsscbo,2611,s,NA
rec-111-org,m,jacob,cremasco,2611,s,6
rec-112-dup-0,m,zoshua,george,2615,d,3
rec-112-org,m,joshua,george,2615,d,2
rec-113-dup-0,f,madelone,ree5,2611,f,7
rec-113-org,f,madeline,rees,2611,f,7
rec-114-dup-0,f,leah,tsega5,2607,NA,2
rec-114-org,f,leah,tsegas,2607,f,2
rec-115-dup-0,f,emiily,soden,2602,g,6
rec-115-org,f,emiily,soden,2602,h,7
rec-116-dup-0,f,alana,tillet,2603,g,NA
rec-116-org,f,alana,tiller,2603,g,2
rec-117-dup-0,f,samantha,latella,2618,f,NA
rec-117-org,f,samantha,latella,2618,g,4
rec-118-dup-0,f,adela,clsrke,2906,h,2
rec-118-org,f,adela,clarke,2906,h,3
rec-119-dup-0,m,joshua,allard,2602,NA,NA
rec-119-org,m,joshua,allard,2602,f,3
rec-120-dup-0,f,bailee,morkom,2905,f,NA
rec-120-org,f,bailee,morcom,2905,f,4
rec-121-dup-0,m,william,dicks,2605,NA,1
rec-121-org,m,william,dicks,2605,f,2
rec-122-dup-0,f,courtney,camppell,2601,NA,4
rec-122-org,f,courtney,campbell,2601,g,4
rec-123-dup-0,m,nicolas,white,2905,NA,NA
rec-123-org,m,nicolas,white,2905,f,1
rec-124-dup-0,m,jacobie,roman,2602,NA,7
rec-124-org,m,jacobie,roman,2602,f,8
rec-125-dup-0,f,tara,hillary,2611,NA,2
rec-125-org,f,tara,hillary,2611,f,1
rec-126-dup-0,m,william,cochrane,2914,NA,NA
rec-126-org,m,william,cochrane,2914,f,4
rec-127-dup-0,f,briamna,siviour,2614,NA,2
rec-127-org,f,brianna,siviour,2614,g,2
rec-128-dup-0,f,sopbie,fuhlendorff,2905,g,2
rec-128-org,f,sophie,fuhlendorff,2905,g,1
rec-129-dup-0,m,trev0r,campbell,2614,h,3
rec-129-org,m,trevor,campbell,2614,h,2
rec-130-dup-0,f,darcie,webn,2604,d,NA
rec-130-org,f,darcie,webb,2604,d,5
rec-131-dup-0,m,james,marinos,2607,NA,5
rec-131-org,m,james,marinos,2607,a,6
rec-132-dup-0,f,jessica,colemsn,2611,d,7
rec-132-org,f,jessica,coleman,2611,d,8
rec-133-dup-0,m,harry,garcia,2615,NA,NA
rec-133-org,m,harry,garcia,2615,g,8
rec-134-dup-0,f,ruby,colerian,2614,d,2
rec-134-org,f,ruby,coleman,2614,f,2
rec-135-dup-0,m,henrv,churches,2903,f,NA
rec-135-org,m,henry,churches,2903,f,5
rec-136-dup-0,m,hsrry,campbell,2615,f,NA
rec-136-org,m,harry,campbell,2615,f,5
rec-137-dup-0,f,kailey,hagemann,2614,f,2
rec-137-org,f,kailey,hagemann,2614,d,1
rec-138-dup-0,m,jodhua,mason,2603,d,7
rec-138-org,m,joshua,mason,2603,d,8
rec-139-dup-0,f,sasca,masom,2615,h,2
rec-139-org,f,sascha,mason,2615,h,2
rec-140-dup-0,m,ayclen,pilavci,2602,j,2
rec-140-org,m,ayden,pilavci,2602,j,1
rec-141-dup-0,f,erin,matthews,2611,f,2
rec-141-org,f,erin,matthews,2611,g,1
rec-142-dup-0,m,archie,pulfird,2617,NA,5
rec-142-org,m,archie,pulford,2617,f,5
rec-143-dup-0,f,haylre,br0adhead,2611,h,2
rec-143-org,f,haylee,broadhead,2611,h,2
rec-144-dup-0,f,rubi,mccrohan,2614,f,NA
rec-144-org,f,ruby,mccrohan,2614,f,1
rec-145-dup-0,m,reece,aptwd,2607,NA,6
rec-145-org,m,reece,apted,2607,g,6
rec-146-dup-0,m,atam,kyriacou,2914,NA,5
rec-146-org,m,adam,kyriacou,2914,h,5
rec-147-dup-0,m,jayden,wylkie,2611,s,2
rec-147-org,m,jayden,wyllie,2611,d,2
rec-148-dup-0,f,sophie,browne,2604,h,NA
rec-148-org,f,sophie,browne,2604,j,4
rec-149-dup-0,f,bailer,apse,2611,NA,5
rec-149-org,f,bailee,apse,2611,g,5
rec-150-dup-0,f,stepban'le,vincent,2906,d,NA
rec-150-org,f,stephanie,vincent,2906,d,1
rec-151-dup-0,f,eliza,lut2,2615,g,2
rec-151-org,f,eliza,lutz,2615,g,1
rec-152-dup-0,f,jtephanie,boller,2617,s,3
rec-152-org,f,stephanie,boller,2617,a,3
rec-153-dup-0,f,jemima,ozimkoqski,2913,d,NA
rec-153-org,f,jemima,ozimkowski,2913,d,7
rec-154-dup-0,f,alexandra,pline,2607,d,2
rec-154-org,f,alexandra,plane,2607,s,2
rec-155-dup-0,f,india,juljan-bailey,2611,s,5
rec-155-org,f,india,julian-bailey,2611,d,5
rec-156-dup-0,f,naimi,berxe,2611,d,1
rec-156-org,f,naomi,berce,2611,d,1
rec-157-dup-0,f,inia,rees,2906,a,2
rec-157-org,f,india,rees,2906,a,1
rec-158-dup-0,f,vaneqssa,wilkins,2615,f,3
rec-158-org,f,vanessa,wilkins,2615,g,3
rec-159-dup-0,m,milyer,lowe,2612,s,NA
rec-159-org,m,miller,lowe,2612,s,3
rec-160-dup-0,f,anna,georgiadiv,2614,a,4
rec-160-org,f,anna,georgiadis,2614,a,5
rec-161-dup-0,m,tanjel,gehlken,2614,j,NA
rec-161-org,m,danjel,gehlken,2614,j,5
rec-162-dup-0,f,stephani,campbell,2615,g,1
rec-162-org,f,stephanie,campbell,2615,f,1
rec-163-dup-0,f,beth,alsopp,2606,g,NA
rec-163-org,f,beth,allsopp,2606,g,6
rec-164-dup-0,m,jesse,byerd,2607,g,3
rec-164-org,m,jesse,byers,2607,g,2
rec-165-dup-0,f,emiilu,hirschfield,2906,f,5
rec-165-org,f,emiily,hirschfield,2906,g,5
rec-166-dup-0,f,lami,griffen,2615,f,NA
rec-166-org,f,lani,griffen,2615,f,2
rec-167-dup-0,m,levi,flfet,2615,NA,6
rec-167-org,m,levi,fleet,2615,a,6
rec-168-dup-0,f,saeah,marvell,2605,NA,5
rec-168-org,f,sarah,marvell,2605,f,5
rec-169-dup-0,f,sleisha,oo,2904,h,2
rec-169-org,f,aleisha,oo,2904,h,1
rec-170-dup-0,f,annalis,jolly,2614,f,NA
rec-170-org,f,annalise,jolly,2614,f,8
rec-171-dup-0,m,jacori,gilles,2615,NA,4
rec-171-org,m,jacob,gilles,2615,d,4
rec-172-dup-0,m,lachlan,muxrton,2904,NA,8
rec-172-org,m,lachlan,murton,2904,f,8
rec-173-dup-0,f,ebonie,schmalscheidt,2602,NA,NA
rec-173-org,f,ebonie,schmalscheidt,2602,d,3
rec-174-dup-0,f,amy,morrison,2906,a,9
rec-174-org,f,amy,morrison,2906,s,8
rec-175-dup-0,m,dhomaz,mayet,2904,d,1
rec-175-org,m,thomas,mayer,2904,d,1
rec-176-dup-0,m,mitchell,motrison,2611,f,4
rec-176-org,m,mitchell,morrison,2611,f,3
rec-177-dup-0,m,dam:el,pegg,2617,j,8
rec-177-org,m,daniel,pegg,2617,k,8
rec-178-dup-0,m,callum,bishop,2607,f,NA
rec-178-org,m,callum,bishop,2607,g,5
rec-179-dup-0,f,e1la,coleman,2612,s,NA
rec-179-org,f,ella,coleman,2612,s,5
rec-180-dup-0,f,kaiiey,mpgirr,2615,f,1
rec-180-org,f,kailey,mcgirr,2615,f,1
rec-181-dup-0,m,karie,coppinyer,2905,h,2
rec-181-org,m,kane,coppinger,2905,h,2
rec-182-dup-0,f,maddijon,waller,2902,d,NA
rec-182-org,f,maddison,waller,2902,d,3
rec-183-dup-0,m,kane,carluccio,2611,h,NA
rec-183-org,m,kane,carluccio,2611,g,2
rec-184-dup-0,m,jaxson,garforth,2600,NA,1
rec-184-org,m,jaxson,garforth,2600,g,2
rec-185-dup-0,f,sascha,rejd,2612,NA,7
rec-185-org,f,sascha,reid,2612,k,7
rec-186-dup-0,f,julians,pananaki,2604,f,NA
rec-186-org,f,juliana,pananaki,2604,f,2
rec-187-dup-0,m,harey,white,2614,g,NA
rec-187-org,m,harry,white,2614,g,6
rec-188-dup-0,f,pia,ptestipino,2612,NA,4
rec-188-org,f,pia,prestipino,2612,f,4
rec-189-dup-0,m,lachlan,stephens0n,2904,d,3
rec-189-org,m,lachlan,stephenson,2904,f,3
rec-190-dup-0,m,carlln,picot,2617,s,2
rec-190-org,m,carlin,picot,2617,s,3
rec-191-dup-0,f,haylwe,coppock,2611,g,7
rec-191-org,f,haylee,coppock,2611,h,7
rec-192-dup-0,m,calvin,karalus,2605,f,7
rec-192-org,m,calvin,karalus,2605,d,8
rec-193-dup-0,f,aneka,cvre,2905,s,5
rec-193-org,f,aneka,cure,2905,d,5
rec-194-dup-0,f,lilliyn,newport,2905,s,2
rec-194-org,f,lillian,newport,2905,s,1
rec-195-dup-0,f,ruby,psorakis,2906,NA,NA
rec-195-org,f,ruby,psorakis,2906,d,8
rec-196-dup-0,m,qunn,bullock,2612,f,NA
rec-196-org,m,quinn,bullock,2612,f,1
rec-197-dup-0,m,sebast:an,lowe,2614,h,NA
rec-197-org,m,sebastian,lowe,2614,h,8
rec-198-dup-0,f,ruby,alberd,2603,f,4
rec-198-org,f,ruby,alberd,2603,d,5
rec-199-dup-0,m,brody,sait,2615,g,NA
rec-199-org,m,brody,salt,2615,g,6
rec-200-dup-0,f,tara,dixin,2612,NA,5
rec-200-org,f,tara,dixon,2612,f,5
rec-201-dup-0,f,jessica,reld,2602,j,6
rec-201-org,f,jessica,reid,2602,j,5
rec-202-dup-0,f,tarnea,thurlow,2603,NA,3
rec-202-org,f,tarnee,thurlow,2603,d,3
rec-203-dup-0,m,tot,mcgregor,2602,a,5
rec-203-org,m,todd,mcgregor,2602,d,5
rec-204-dup-0,m,will'lam,jongewaarcl,2902,h,4
rec-204-org,m,william,jongewaard,2902,h,4
rec-205-dup-0,m,ma,weah,2605,g,8
rec-205-org,m,max,wehr,2605,g,8
rec-206-dup-0,m,thoma5,green,2600,g,NA
rec-206-org,m,thomas,green,2600,g,3
rec-207-dup-0,f,katie,leah,2600,d,NA
rec-207-org,f,katie,leah,2600,f,2
rec-208-dup-0,m,nicholas,pater5on,2905,d,2
rec-208-org,m,nicholas,paterson,2905,d,1
rec-209-dup-0,f,indiana,bishop,2620,NA,7
rec-209-org,f,indiana,bishop,2620,f,6
rec-210-dup-0,m,lewi5,dak'ln,2905,a,4
rec-210-org,m,lewis,dakin,2905,a,4
rec-211-dup-0,f,alexa-rose,slack-smiyh,2913,a,7
rec-211-org,f,alexa-rose,slack-smith,2913,a,6
rec-212-dup-0,m,jacl<,bisop,2617,f,2
rec-212-org,m,jack,bishop,2617,f,2
rec-213-dup-0,m,hayfen,whits,2605,g,3
rec-213-org,m,hayden,white,2605,g,3
rec-214-dup-0,f,macv,lovve,2611,g,2
rec-214-org,f,macy,lowe,2611,g,2
rec-215-dup-0,m,james,kyriacou,2600,NA,8
rec-215-org,m,james,kyriacou,2600,h,7
rec-216-dup-0,f,sha'l,ayres,2605,d,2
rec-216-org,f,shai,ayres,2605,d,1
rec-217-dup-0,m,jamps,chandler,2611,f,2
rec-217-org,m,james,chandler,2611,d,2
rec-218-dup-0,f,jessica,perrh,2607,h,5
rec-218-org,f,jessica,perth,2607,g,5
rec-219-dup-0,m,oliver,morrison,2617,NA,NA
rec-219-org,m,oliver,morrison,2617,g,5
rec-220-dup-0,f,brianna,milws,2617,NA,7
rec-220-org,f,brianna,miles,2617,g,7
rec-221-dup-0,m,kane,binris,2614,NA,1
rec-221-org,m,kane,binns,2614,g,1
rec-222-dup-0,m,anthony,hebloerman,2607,d,2
rec-222-org,m,anthony,hebberman,2607,f,2
rec-223-dup-0,f,bethab,crosswell,2611,NA,1
rec-223-org,f,bethany,crosswell,2611,k,1
rec-224-dup-0,m,mitchrkl,chandker,2604,f,2
rec-224-org,m,mitchell,chandler,2604,f,2
rec-225-dup-0,f,kiana,ren:,2615,h,4
rec-225-org,f,kiana,reni,2615,g,4
rec-226-dup-0,f,eleno,clarl<e,2612,g,8
rec-226-org,f,eleni,clarke,2612,g,8
rec-227-dup-0,f,briley,mccarthu,2617,g,5
rec-227-org,f,briley,mccarthy,2617,g,6
rec-228-dup-0,m,coopeah,belavic,2905,NA,4
rec-228-org,m,cooper,belavic,2905,k,4
rec-229-dup-0,f,isal>ella,moulton,2614,g,2
rec-229-org,f,isabella,moulton,2614,g,1
rec-230-dup-0,m,dhomas,headom,2913,f,3
rec-230-org,m,thomas,headon,2913,f,3
rec-231-dup-0,m,lachlan,web1>,2615,NA,6
rec-231-org,m,lachlan,webb,2615,h,6
rec-232-dup-0,m,connor,klarke,2615,NA,6
rec-232-org,m,connor,clarke,2615,f,6
rec-233-dup-0,f,amy,gree,2611,g,4
rec-233-org,f,amy,green,2611,f,4
rec-234-dup-0,m,tominic,grin,2602,f,4
rec-234-org,m,dominic,green,2602,f,4
rec-235-dup-0,f,gracie,feieppa,2903,d,2
rec-235-org,f,gracie,feleppa,2903,d,3
rec-236-dup-0,m,brodie,clake,2904,a,NA
rec-236-org,m,brodie,clarke,2904,a,8
rec-237-dup-0,f,maddisonw,newpord,2612,f,5
rec-237-org,f,maddison,newport,2612,f,5
rec-238-dup-0,m,noab,kratschmer,2612,f,NA
rec-238-org,m,noah,kratschmer,2612,f,5
rec-239-dup-0,m,rourke,clarke,2606,h,NA
rec-239-org,m,rourke,clarke,2606,g,6
rec-240-dup-0,f,laua,deck,2614,h,8
rec-240-org,f,laura,deck,2614,h,7
rec-241-dup-0,m,patrick,sykiotis,2617,j,NA
rec-241-org,m,patrick,sykiotis,2617,h,1
rec-242-dup-0,f,tats,dixon,2905,d,2
rec-242-org,f,tara,dixon,2905,f,2
rec-243-dup-0,f,amber,walks,2615,f,NA
rec-243-org,f,amber,walls,2615,f,4
rec-244-dup-0,m,zarran,vl9,2906,f,5
rec-244-org,m,zarran,vig,2906,f,6
rec-245-dup-0,m,william,howie,2615,NA,NA
rec-245-org,m,william,howie,2615,g,8
rec-246-dup-0,f,gracl,hrrington,2617,s,3
rec-246-org,f,grace,harrington,2617,s,3
rec-247-dup-0,m,thomas,kattas,2614,NA,7
rec-247-org,m,thomas,kattas,2614,s,6
rec-248-dup-0,m,jam:e,petwrsen,2913,g,5
rec-248-org,m,jamie,petersen,2913,g,5
rec-249-dup-0,f,kelsey,thoyre,2904,f,NA
rec-249-org,f,kelsey,thorpe,2904,f,5
rec-250-dup-0,m,jaip,montuori,2617,f,4
rec-250-org,m,jai,montuori,2617,f,5
rec-251-dup-0,m,caleb,sheperd,2906,f,NA
rec-251-org,m,caleb,shepherd,2906,f,6
rec-252-dup-0,f,am,berrv,2913,g,2
rec-252-org,f,amy,berry,2913,g,2
rec-253-dup-0,f,emiilt,lipscombe,2615,NA,4
rec-253-org,f,emiily,lipscombe,2615,g,4
rec-254-dup-0,f,emoa,clarke,2602,h,7
rec-254-org,f,emma,clarke,2602,j,7
rec-255-dup-0,f,marlry,crouch,2617,d,NA
rec-255-org,f,marley,crouch,2617,d,5
rec-256-dup-0,f,timara,grossrr,2905,j,1
rec-256-org,f,timara,grosser,2905,j,2
rec-257-dup-0,m,alexander,howje,2614,NA,8
rec-257-org,m,alexander,howie,2614,s,8
rec-258-dup-0,f,jessca,white,2615,d,NA
rec-258-org,f,jessica,white,2615,d,2
rec-259-dup-0,f,andie,drainor,2617,d,NA
rec-259-org,f,andie,trainor,2617,d,3
rec-260-dup-0,f,bethamie,maynard,2602,h,1
rec-260-org,f,bethanie,maynard,2602,h,2
rec-261-dup-0,m,patrick,denolm,2617,d,NA
rec-261-org,m,patrick,denholm,2617,d,2
rec-262-dup-0,f,tezs,musolino,2913,f,NA
rec-262-org,f,tess,musolino,2913,f,5
rec-263-dup-0,m,bailrv,o'hea,2617,f,NA
rec-263-org,m,bailey,o'hea,2617,f,6
rec-264-dup-0,f,nadaloa,thorpe,2603,s,NA
rec-264-org,f,natalia,thorpe,2603,s,3
rec-265-dup-0,f,isanela,hilaton,2913,k,5
rec-265-org,f,isabella,hilton,2913,k,5
rec-266-dup-0,m,lifm,david,2617,d,NA
rec-266-org,m,liam,david,2617,d,2
rec-267-dup-0,f,erin,norday,2914,s,4
rec-267-org,f,erin,norday,2914,a,5
rec-268-dup-0,m,callufm,hewzon,2903,f,2
rec-268-org,m,callum,hewson,2903,f,2
rec-269-dup-0,f,amber,laerty,2604,h,5
rec-269-org,f,amber,laverty,2604,h,6
rec-270-dup-0,m,mitchell,mcgrechan,2905,NA,NA
rec-270-org,m,mitchell,mcgrechan,2905,s,3
rec-271-dup-0,f,chloe,souplsby,2602,g,NA
rec-271-org,f,chloe,soulsby,2602,g,4
rec-272-dup-0,f,emiily,whjte,2903,NA,3
rec-272-org,f,emiily,white,2903,s,3
rec-273-dup-0,f,abbey,van hee5,2914,f,6
rec-273-org,f,abbey,van hees,2914,g,6
rec-274-dup-0,m,reedce,ploughman,2602,j,NA
rec-274-org,m,reece,ploughman,2602,j,1
rec-275-dup-0,f,sophje,gren,2615,d,3
rec-275-org,f,sophie,green,2615,d,3
rec-276-dup-0,m,alexander,chadler,2615,d,NA
rec-276-org,m,alexander,chandler,2615,d,2
rec-277-dup-0,f,ruby,eglintori,2602,d,7
rec-277-org,f,ruby,eglinton,2602,d,6
rec-278-dup-0,f,ebony,tileah,2615,NA,4
rec-278-org,f,ebony,tiller,2615,d,4
rec-279-dup-0,f,ella,mieriscwh,2603,d,1
rec-279-org,f,ella,mierisch,2603,f,1
rec-280-dup-0,f,kourtney,furbow,2614,NA,2
rec-280-org,f,courtney,furbow,2614,f,2
rec-281-dup-0,f,arabella,rian,2617,j,NA
rec-281-org,f,arabella,ryan,2617,j,5
rec-282-dup-0,f,ainsley,hylarid,2614,d,6
rec-282-org,f,ainsley,hyland,2614,d,5
rec-283-dup-0,m,jsaac,comton,2615,h,5
rec-283-org,m,isaac,compton,2615,h,5
rec-284-dup-0,m,steven,curr,2902,a,5
rec-284-org,m,steven,cure,2902,a,6
rec-285-dup-0,m,toby,menzirs,2906,f,3
rec-285-org,m,toby,menzies,2906,d,3
rec-286-dup-0,f,eniily,cpwke,2913,s,8
rec-286-org,f,emiily,cowle,2913,s,8
rec-287-dup-0,f,emma,jolli,2617,s,8
rec-287-org,f,emma,jolly,2617,a,8
rec-288-dup-0,m,finlay,cr0ok,2606,f,NA
rec-288-org,m,finlay,crook,2606,f,2
rec-289-dup-0,f,alannsh,bartley-syeele,2615,d,4
rec-289-org,f,alannah,bartley-steele,2615,d,4
rec-290-dup-0,f,ava,betezanzky,2611,d,6
rec-290-org,f,ava,berezansky,2611,s,6
rec-291-dup-0,m,etha,clarke,2905,g,NA
rec-291-org,m,ethan,clarke,2905,g,6
rec-292-dup-0,m,jac,buttrose,2617,d,3
rec-292-org,m,zac,buttrose,2617,d,4
rec-293-dup-0,m,harlev,dixon,2607,s,6
rec-293-org,m,harley,dixon,2607,a,6
rec-294-dup-0,m,ethan,campbel,2905,a,6
rec-294-org,m,ethan,campbell,2905,s,6
rec-295-dup-0,f,eliza,blake,2602,NA,NA
rec-295-org,f,eliza,blake,2602,s,1
rec-296-dup-0,m,lacjlan,dixom,2615,d,2
rec-296-org,m,lachlan,dixon,2615,d,2
rec-297-dup-0,f,nicola,marxman,2913,d,4
rec-297-org,f,nicola,marshman,2913,d,3
rec-298-dup-0,m,zasper,white,2602,NA,2
rec-298-org,m,jasper,white,2602,f,2
rec-299-dup-0,m,jes5e,fowdry,2614,h,2
rec-299-org,m,jesse,fowdry,2614,h,1
rec-300-dup-0,m,james,fenwikk,2604,h,8
rec-300-org,m,james,fenwick,2604,g,8
rec-301-dup-0,f,kelsei,leythamm,2905,d,NA
rec-301-org,f,kelsey,leythamm,2905,d,2
rec-302-dup-0,f,annabel,kersake,2605,d,4
rec-302-org,f,annabel,kerslake,2605,d,5
rec-303-dup-0,m,nathan,bandowixz,2615,a,7
rec-303-org,m,nathan,badowicz,2615,a,6
rec-304-dup-0,m,liam,hazell,2600,NA,NA
rec-304-org,m,liam,hazell,2600,d,5
rec-305-dup-0,m,samuel,smallacomb,2602,f,NA
rec-305-org,m,samuel,smallacombe,2602,f,1
rec-306-dup-0,f,sophie,ryan,2604,NA,NA
rec-306-org,f,sophie,ryan,2604,h,1
rec-307-dup-0,m,jarrid,stanley,2617,j,9
rec-307-org,m,jarrod,stanley,2617,j,8
rec-308-dup-0,f,isabella,moorby,2905,f,4
rec-308-org,f,isabella,moorby,2905,d,5
rec-309-dup-0,f,keira,clarke,2602,NA,4
rec-309-org,f,keira,clarke,2602,d,3
rec-310-dup-0,f,xhl0e,pavlia,2913,g,2
rec-310-org,f,chloe,pavli,2913,g,2
rec-311-dup-0,f,courtney,grooby,2617,s,4
rec-311-org,f,courtney,grooby,2617,d,3
rec-312-dup-0,f,brigete,linnell,2603,h,7
rec-312-org,f,brigette,linnell,2603,h,8
rec-313-dup-0,m,penjamin,matthews,2903,h,2
rec-313-org,m,benjamin,matthews,2903,g,2
rec-314-dup-0,m,ryan,shepherd,2603,NA,2
rec-314-org,m,ryan,shepherd,2603,a,3
rec-315-dup-0,m,bryce,mkully,2904,g,5
rec-315-org,m,bryce,mccully,2904,f,5
rec-316-dup-0,f,olivia,hland,2617,NA,8
rec-316-org,f,olivia,hyland,2617,f,8
rec-317-dup-0,m,lucs,siviour,2600,g,3
rec-317-org,m,luca,siviour,2600,g,2
rec-318-dup-0,m,cameron,witty,2913,s,1
rec-318-org,m,cameron,witty,2913,d,2
rec-319-dup-0,m,luke,st viricemt,2913,a,3
rec-319-org,m,luke,st vincent,2913,s,3
rec-320-dup-0,m,brayden,colantuono,2905,d,NA
rec-320-org,m,brayden,colantuono,2905,s,4
rec-321-dup-0,m,lacblan,stubb,2604,h,4
rec-321-org,m,lachlan,stubbs,2604,h,4
rec-322-dup-0,f,emma,milest,2617,f,1
rec-322-org,f,emma,miles,2617,f,2
rec-323-dup-0,f,alexandta,mccrthy,2913,g,4
rec-323-org,f,alexandra,mccarthy,2913,g,4
rec-324-dup-0,m,zac,clwrke,2602,j,3
rec-324-org,m,zac,clarke,2602,g,3
rec-325-dup-0,m,thomas,huddy,2615,s,NA
rec-325-org,m,thomas,huddy,2615,d,4
rec-326-dup-0,f,georgia,britte,2617,NA,4
rec-326-org,f,georgia,britten,2617,s,4
rec-327-dup-0,f,ali5a,mccarthy,2913,NA,3
rec-327-org,f,alisa,mccarthy,2913,g,3
rec-328-dup-0,f,anary,white,2605,f,NA
rec-328-org,f,anari,white,2605,f,4
rec-329-dup-0,f,mondsna,nobtle,2906,a,8
rec-329-org,f,montana,noble,2906,a,8
rec-330-dup-0,m,noa,fusco,2617,f,3
rec-330-org,m,noah,fusco,2617,d,3
rec-331-dup-0,m,jamej,tippins,2902,d,4
rec-331-org,m,james,tippins,2902,s,4
rec-332-dup-0,m,daeri,asperti,2905,g,5
rec-332-org,m,daen,asperti,2905,g,3
rec-333-dup-0,f,jessica,lowrv,2612,h,2
rec-333-org,f,jessica,lowry,2612,g,2
rec-334-dup-0,f,lauren,miels,2618,NA,NA
rec-334-org,f,lauren,miels,2618,h,7
rec-335-dup-0,f,ruby,lackneah,2914,s,6
rec-335-org,f,ruby,lackner,2914,d,6
rec-336-dup-0,f,emily,nguyen,2614,k,5
rec-336-org,f,emiily,nguyen,2614,j,5
rec-337-dup-0,m,samuel,swiggs,2617,h,NA
rec-337-org,m,samuel,swiggs,2617,g,5
rec-338-dup-0,m,dynan,laskaridis,2611,h,3
rec-338-org,m,tynan,laskaridis,2611,g,3
rec-339-dup-0,m,spebcer,bowron,2614,NA,8
rec-339-org,m,spencer,bowron,2614,a,8
rec-340-dup-0,f,lilian,galbra:th,2615,f,8
rec-340-org,f,lilian,galbraith,2615,g,8
rec-341-dup-0,m,michael,hyland,2602,NA,2
rec-341-org,m,michael,hyland,2602,g,1
rec-342-dup-0,m,bertie,haen,2913,g,3
rec-342-org,m,bertie,hearn,2913,g,2
rec-343-dup-0,m,b1ake,lesinger,2905,NA,3
rec-343-org,m,blake,lesinger,2905,j,3
rec-344-dup-0,f,fyynlay,breet,2605,f,8
rec-344-org,f,fyynlay,breedt,2605,d,8
rec-345-dup-0,f,tahlia,freeporn,2605,d,6
rec-345-org,f,tahlia,freeborn,2605,a,6
rec-346-dup-0,f,katiz,kemps,2617,d,3
rec-346-org,f,katie,kempe,2617,d,3
rec-347-dup-0,f,stophie,bloomfsield,2617,f,4
rec-347-org,f,sophie,bloomfield,2617,f,4
rec-348-dup-0,f,brooke,reunhard,2614,s,5
rec-348-org,f,brooke,reinhard,2614,d,5
rec-349-dup-0,f,maya,reis,2611,NA,5
rec-349-org,f,maya,reid,2611,d,5
rec-350-dup-0,f,claire,keorge,2617,f,1
rec-350-org,f,claire,george,2617,f,2
rec-351-dup-0,f,sim0ne,chandler,2905,NA,6
rec-351-org,f,simone,chandler,2905,h,6
rec-352-dup-0,f,tahlia,whide,2902,NA,2
rec-352-org,f,tahlia,white,2902,d,2
rec-353-dup-0,m,harry,paterson,2602,g,4
rec-353-org,m,harry,paterson,2602,j,5
rec-354-dup-0,f,mikhayla,clarcke,2902,d,7
rec-354-org,f,mikhayla,clarke,2902,f,7
rec-355-dup-0,f,bethanie,aier,2605,a,3
rec-355-org,f,bethanie,ahier,2605,s,3
rec-356-dup-0,f,abbi,sn0ad,2903,h,5
rec-356-org,f,abbie,snoad,2903,h,5
rec-357-dup-0,m,mitchell,briten,2611,NA,5
rec-357-org,m,mitchell,britten,2611,g,5
rec-358-dup-0,f,tiaahna,nible,2601,d,1
rec-358-org,f,tiarna,noble,2601,d,1
rec-359-dup-0,m,lucas,lewkowikz,2605,d,NA
rec-359-org,m,lucas,lewkowicz,2605,d,2
rec-360-dup-0,f,taylah,wylri,2602,s,NA
rec-360-org,f,taylah,wyllie,2602,s,3
rec-361-dup-0,f,ruby,peling,2904,s,2
rec-361-org,f,ruby,pelling,2904,s,3
rec-362-dup-0,m,cameron,bisset9t,2611,NA,5
rec-362-org,m,cameron,bissett,2611,f,5
rec-363-dup-0,m,william,dent,2903,NA,NA
rec-363-org,m,william,dent,2903,f,7
rec-364-dup-0,f,megam,spman,2906,g,8
rec-364-org,f,megan,soman,2906,g,8
rec-365-dup-0,f,jenris,b0ak,2615,s,3
rec-365-org,f,jenna,boak,2615,s,3
rec-366-dup-0,m,oldyer,lema,2904,f,2
rec-366-org,m,oliver,lena,2904,f,2
rec-367-dup-0,m,owem,beams,2905,h,2
rec-367-org,m,owen,beams,2905,f,2
rec-368-dup-0,f,lusbia,haack,2611,g,NA
rec-368-org,f,lushia,haack,2611,g,4
rec-369-dup-0,m,samuel,george,2615,s,NA
rec-369-org,m,samuel,george,2615,a,4
rec-370-dup-0,m,ronan,gajds,2615,g,2
rec-370-org,m,ronan,gajda,2615,g,1
rec-371-dup-0,f,brooke,spuxic,2902,f,5
rec-371-org,f,brooke,spuzic,2902,g,5
rec-372-dup-0,f,danielle,gevrgiadis,2602,NA,2
rec-372-org,f,danielle,georgiadis,2602,d,2
rec-373-dup-0,f,holli,eyfles,2615,a,3
rec-373-org,f,holly,eyles,2615,a,3
rec-374-dup-0,m,elojah,beattoe,2905,h,1
rec-374-org,m,elijah,beattie,2905,h,1
rec-375-dup-0,f,lydia,clarle,2900,NA,1
rec-375-org,f,lydia,clarke,2900,j,1
rec-376-dup-0,f,breeanne,drekkow,2902,g,7
rec-376-org,f,breeanne,dreckow,2902,g,8
rec-377-dup-0,f,kalli,clabrke,2615,NA,3
rec-377-org,f,kalli,clarke,2615,a,3
rec-378-dup-0,f,mat:sse,avcsrich,2902,f,3
rec-378-org,f,matisse,avcarich,2902,f,3
rec-379-dup-0,m,caleb,ringlancl,2903,NA,3
rec-379-org,m,caleb,ringland,2903,f,3
rec-380-dup-0,m,mitchell,gworge,2906,NA,3
rec-380-org,m,mitchell,george,2906,g,3
rec-381-dup-0,f,na5yah,bradshww,2602,s,8
rec-381-org,f,nasyah,bradshaw,2602,s,8
rec-382-dup-0,f,eva,stronach,2600,h,8
rec-382-org,f,eva,stronach,2600,f,7
rec-383-dup-0,m,lachlan,binnst,2614,f,NA
rec-383-org,m,lachlan,binns,2614,f,5
rec-384-dup-0,f,freyf,kiernsn,2607,s,6
rec-384-org,f,freya,kiernan,2607,s,6
rec-385-dup-0,m,ryan,pascip,2614,NA,2
rec-385-org,m,ryan,pascoe,2614,s,2
rec-386-dup-0,m,haery,guyiiier,2902,h,1
rec-386-org,m,harry,guymer,2902,h,1
rec-387-dup-0,f,marlev,crosaman,2604,s,3
rec-387-org,f,marley,crossman,2604,s,3
rec-388-dup-0,m,brayten,howkie,2615,d,2
rec-388-org,m,brayden,howie,2615,d,2
rec-389-dup-0,m,liarn,wisby,2614,s,9
rec-389-org,m,liam,wisby,2614,s,8
rec-390-dup-0,f,meagan,coleman,2611,NA,1
rec-390-org,f,meagan,coleman,2611,f,2
rec-391-dup-0,f,ela,claa5z,2605,d,5
rec-391-org,f,ella,claasz,2605,d,5
rec-392-dup-0,m,hugo,lowe,2617,NA,5
rec-392-org,m,hugo,lowe,2617,h,6
rec-393-dup-0,m,luk,kauhanen,2905,g,2
rec-393-org,m,luka,kauhanen,2905,g,1
rec-394-dup-0,m,cooper,tomney,2615,s,1
rec-394-org,m,cooper,tomney,2615,d,2
rec-395-dup-0,m,mitcbell,shepherd,2617,s,3
rec-395-org,m,mitchell,shepherd,2617,d,3
rec-396-dup-0,f,emiilv,ryan,2607,NA,1
rec-396-org,f,emiily,ryan,2607,d,1
rec-397-dup-0,f,gabrielle,petqrsen,2913,s,3
rec-397-org,f,gabrielle,petersen,2913,s,4
rec-398-dup-0,m,rileyl,trist,2913,g,1
rec-398-org,m,riley,triat,2913,g,1
rec-399-dup-0,f,zara,joden,2612,l,8
rec-399-org,f,zara,soden,2612,k,8
rec-400-dup-0,m,brendsn,matthews,2906,g,2
rec-400-org,m,brendan,matthews,2906,g,3
rec-401-dup-0,m,dan'lel,galbraith,2615,j,1
rec-401-org,m,daniel,galbraith,2615,h,1
rec-402-dup-0,m,connor,painbe,2602,h,2
rec-402-org,m,connor,paine,2602,j,2
rec-403-dup-0,m,riley,teid,2611,d,8
rec-403-org,m,riley,reid,2611,s,8
rec-404-dup-0,f,emsily,grin,2606,s,2
rec-404-org,f,emiily,green,2606,s,2
rec-405-dup-0,f,hanriah,albertini,2606,s,6
rec-405-org,f,hannah,albertini,2606,f,6
rec-406-dup-0,m,kuper,vang,2905,f,8
rec-406-org,m,cooper,fang,2905,f,8
rec-407-dup-0,f,brooklyn,campnell,2615,f,5
rec-407-org,f,brooklyn,campbell,2615,f,4
rec-408-dup-0,f,emiilu,chanler,2617,d,3
rec-408-org,f,emiily,chandler,2617,d,3
rec-409-dup-0,f,emiify,waller,2906,h,3
rec-409-org,f,emiily,waller,2906,j,3
rec-410-dup-0,m,connor,nkuyen,2602,h,2
rec-410-org,m,connor,nguyen,2602,g,2
rec-411-dup-0,m,oliveah,zheng,2906,NA,1
rec-411-org,m,oliver,zheng,2906,d,1
rec-412-dup-0,f,ava,huggis,2914,d,2
rec-412-org,f,ava,huggins,2914,f,2
rec-413-dup-0,f,zybella,grenn,2905,g,1
rec-413-org,f,sybella,green,2905,g,1
rec-414-dup-0,f,brielle,mattgew5,2607,h,1
rec-414-org,f,brielle,matthews,2607,j,1
rec-415-dup-0,m,ckyle,lowe,2614,d,5
rec-415-org,m,kyle,lowe,2614,d,6
rec-416-dup-0,f,eboni,ym,2606,h,1
rec-416-org,f,ebony,yen,2606,h,1
rec-417-dup-0,f,madeleine,rolins,2602,a,NA
rec-417-org,f,madeleine,rollins,2602,a,3
rec-418-dup-0,f,harrit,white,2611,NA,8
rec-418-org,f,harriet,white,2611,g,8
rec-419-dup-0,m,dean,ebb,2617,d,6
rec-419-org,m,dean,webb,2617,d,5
rec-420-dup-0,f,ellak,stubbs,2904,f,2
rec-420-org,f,ella,stubbs,2904,f,3
rec-421-dup-0,m,patrick,chamdker,2905,g,NA
rec-421-org,m,patrick,chandler,2905,g,5
rec-422-dup-0,f,lara,beatv,2902,h,NA
rec-422-org,f,lara,beaty,2902,h,1
rec-423-dup-0,m,john,rian,2904,d,NA
rec-423-org,m,john,ryan,2904,d,5
rec-424-dup-0,m,danjele,avford,2914,f,2
rec-424-org,m,daniele,afford,2914,f,2
rec-425-dup-0,f,emiilv,leung,2605,f,2
rec-425-org,f,emiily,leung,2605,g,2
rec-426-dup-0,f,hannah,mccaryby,2614,NA,6
rec-426-org,f,hannah,mccarthy,2614,a,6
rec-427-dup-0,f,april,dixon,2611,h,6
rec-427-org,f,april,dixon,2611,g,5
rec-428-dup-0,f,emerdon,theilogidis,2605,f,2
rec-428-org,f,emerson,theologidis,2605,f,2
rec-429-dup-0,f,kaysey,davfd,2913,s,NA
rec-429-org,f,kaysey,david,2913,s,5
rec-430-dup-0,m,joshua,horsley,2615,g,2
rec-430-org,m,joshua,horsley,2615,f,1
rec-431-dup-0,m,travij,verschoor,2615,h,3
rec-431-org,m,travis,verschoor,2615,j,3
rec-432-dup-0,m,william,nguuen,2607,d,7
rec-432-org,m,william,nguyen,2607,d,8
rec-433-dup-0,m,zachary,hinchey,2905,NA,NA
rec-433-org,m,zachary,hinchey,2905,g,4
rec-434-dup-0,f,brigirte,canpbell,2617,g,7
rec-434-org,f,brigitte,campbell,2617,g,7
rec-435-dup-0,m,jai,bvtt,2617,h,2
rec-435-org,m,jai,butt,2617,g,2
rec-436-dup-0,m,matthe,paterson,2600,g,NA
rec-436-org,m,matthew,paterson,2600,g,6
rec-437-dup-0,m,adam,collir,2603,g,4
rec-437-org,m,adam,collier,2603,g,3
rec-438-dup-0,m,solompn,longman,2614,k,2
rec-438-org,m,solomon,longman,2614,k,1
rec-439-dup-0,m,noah,majdandzik,2905,d,4
rec-439-org,m,noah,majdandzic,2905,d,3
rec-440-dup-0,m,alexander,zoden,2602,s,NA
rec-440-org,m,alexander,soden,2602,s,5
rec-441-dup-0,m,samuel,haythorpe,2904,NA,NA
rec-441-org,m,samuel,haythorpe,2904,f,7
rec-442-dup-0,f,isabella,rohe,2602,NA,1
rec-442-org,f,isabella,roche,2602,g,1
rec-443-dup-0,f,victorifa,oolgaard-snijder,2902,d,NA
rec-443-org,f,victoria,oolgaard-snijder,2902,d,8
rec-444-dup-0,m,patrick,nguyen,2905,NA,NA
rec-444-org,m,patrick,nguyen,2905,d,2
rec-445-dup-0,f,gracr,westte,2618,h,3
rec-445-org,f,grace,westte,2618,g,3
rec-446-dup-0,f,kaitlin,whiwte,2905,g,7
rec-446-org,f,caitlin,white,2905,g,7
rec-447-dup-0,f,alessantra,ryam,2605,f,6
rec-447-org,f,alessandra,ryan,2605,f,6
rec-448-dup-0,m,xavieah,clarke,2604,f,2
rec-448-org,m,xavier,clarke,2604,f,1
rec-449-dup-0,m,connor,dunh,2903,g,2
rec-449-org,m,connor,dinh,2903,f,2
rec-450-dup-0,m,peteur,neumann,2611,h,6
rec-450-org,m,peter,neumann,2611,h,5
rec-451-dup-0,f,kharlotte,purbell,2601,NA,6
rec-451-org,f,charlotte,purbell,2601,j,6
rec-452-dup-0,m,adam,timbrellv,2617,NA,1
rec-452-org,m,adam,timbrell,2617,h,1
rec-453-dup-0,f,katejyn,hague,2600,g,4
rec-453-org,f,katelyn,hague,2600,g,3
rec-454-dup-0,f,abbey,ladng,2906,j,2
rec-454-org,f,abbey,laing,2906,j,1
rec-455-dup-0,f,alexantra,abud,2913,d,2
rec-455-org,f,alexandra,abud,2913,f,2
rec-456-dup-0,f,isabella,sjepherd,2615,NA,3
rec-456-org,f,isabella,shepherd,2615,h,3
rec-457-dup-0,m,akec,bins,2612,f,4
rec-457-org,m,alec,binns,2612,f,4
rec-458-dup-0,m,epan,maynars,2906,g,2
rec-458-org,m,ewan,maynard,2906,g,2
rec-459-dup-0,f,takia,green,2615,a,NA
rec-459-org,f,talia,green,2615,a,6
rec-460-dup-0,f,sophe,stearnes,2617,s,3
rec-460-org,f,sophie,stearnes,2617,s,2
rec-461-dup-0,f,nese,dixon,2602,h,3
rec-461-org,f,neve,dixon,2602,h,2
rec-462-dup-0,f,sophie,uffelmamn,2602,NA,2
rec-462-org,f,sophie,uffelmann,2602,s,2
rec-463-dup-0,m,jaxk,pascale,2602,s,6
rec-463-org,m,jack,pascale,2602,a,6
rec-464-dup-0,f,eleaor,romeyn,2905,NA,8
rec-464-org,f,eleanor,romeyn,2905,s,8
rec-465-dup-0,m,zachary,lagrone,2612,s,3
rec-465-org,m,zachary,lagrone,2612,d,2
rec-466-dup-0,f,charlotte,hunting,2607,f,3
rec-466-org,f,charlotte,hunting,2607,d,2
rec-467-dup-0,f,rebwkah,green,2611,d,NA
rec-467-org,f,rebekah,green,2611,d,6
rec-468-dup-0,f,charlee,pelperio,2617,d,1
rec-468-org,f,charlee,belperio,2617,d,2
rec-469-dup-0,f,hnnah,neumsnn,2614,f,7
rec-469-org,f,hannah,neumann,2614,f,7
rec-470-dup-0,m,alex,bischelberger,2614,d,1
rec-470-org,m,alex,bischelberger,2614,f,2
rec-471-dup-0,f,keeliri,van der vlies,2605,d,7
rec-471-org,f,keelin,van der vlies,2605,f,7
rec-472-dup-0,f,renai,lakariclis,2617,s,7
rec-472-org,f,renai,laskaridis,2617,d,7
rec-473-dup-0,f,ckaela,matson,2606,f,3
rec-473-org,f,kaela,matson,2606,f,2
rec-474-dup-0,f,april,warzo,2602,f,5
rec-474-org,f,april,warjo,2602,f,6
rec-475-dup-0,m,alexanter,fleet,2614,s,4
rec-475-org,m,alexander,fleet,2614,a,4
rec-476-dup-0,m,lachlab,mason,2605,d,3
rec-476-org,m,lachlan,mason,2605,f,3
rec-477-dup-0,f,esme,meaney,2615,s,NA
rec-477-org,f,esme,meaney,2615,d,6
rec-478-dup-0,f,madeljne,jessup,2615,NA,2
rec-478-org,f,madeleine,jessup,2615,h,2
rec-479-dup-0,m,ethan,liamvis,2905,g,NA
rec-479-org,m,ethan,liambis,2905,g,7
rec-480-dup-0,f,bianka,fieet,2620,f,1
rec-480-org,f,bianca,fleet,2620,f,1
rec-481-dup-0,m,charlie,sdanley,2615,d,2
rec-481-org,m,charlie,stanley,2615,d,1
rec-482-dup-0,m,johb-paul,kidley,2602,k,3
rec-482-org,m,john-paul,kidsley,2602,k,3
rec-483-dup-0,m,ru1>en,koesing,2611,a,4
rec-483-org,m,ruben,loeding,2611,a,4
rec-484-dup-0,m,lschlan,masori,2913,f,6
rec-484-org,m,lachlan,mason,2913,f,6
rec-485-dup-0,m,brodee,wgite,2903,f,3
rec-485-org,m,brodee,white,2903,f,2
rec-486-dup-0,m,oscar,kouinanis,2615,g,6
rec-486-org,m,oscar,kouimanis,2615,g,7
rec-487-dup-0,m,masori,strenge,2914,a,NA
rec-487-org,m,mason,strenge,2914,a,8
rec-488-dup-0,m,alecander,moskwa,2617,d,2
rec-488-org,m,alexander,moskwa,2617,d,3
rec-489-dup-0,m,connor,galbraoth,2904,s,7
rec-489-org,m,connor,galbraith,2904,s,8
rec-490-dup-0,f,maddon,pascoe,2905,h,6
rec-490-org,f,madison,pascoe,2905,g,6
rec-491-dup-0,m,nicholas,tai,2905,g,NA
rec-491-org,m,nicholas,tao,2905,g,7
rec-492-dup-0,f,chelsea,wheldake,2607,k,NA
rec-492-org,f,chelsea,wheldale,2607,k,6
rec-493-dup-0,m,deakin,korompay,2905,d,5
rec-493-org,m,deakin,korompay,2905,s,6
rec-494-dup-0,f,jasmun,clarke,2612,NA,1
rec-494-org,f,jasmyn,clarke,2612,j,1
rec-495-dup-0,f,amber,cookson,2611,a,NA
rec-495-org,f,amber,cookson,2611,s,5
rec-496-dup-0,m,bai1ey,hekele,2612,a,5
rec-496-org,m,bailey,hekele,2612,s,5
rec-497-dup-0,f,aleesba,green,2904,f,4
rec-497-org,f,aleesha,green,2904,f,5
rec-498-dup-0,f,baiiee,sezun,2604,NA,6
rec-498-org,f,bailee,sezun,2604,s,6
rec-499-dup-0,m,thoyas,singleton,2602,j,2
rec-499-org,m,thomas,singleton,2602,h,2
rec-500-dup-0,f,oltivia,freq,2914,d,2
rec-500-org,f,olivia,frew,2914,d,2
rec-501-dup-0,m,nicholad,blacklaws,2603,f,NA
rec-501-org,m,nicholas,blacklaws,2603,f,3
rec-502-dup-0,m,zarryd,dudleiy,2617,g,5
rec-502-org,m,jarryd,dudley,2617,g,5
rec-503-dup-0,f,emiili,george,2913,g,NA
rec-503-org,f,emiily,george,2913,g,5
rec-504-dup-0,f,viamca,ryan,2606,h,2
rec-504-org,f,vianca,ryan,2606,g,2
rec-505-dup-0,m,thomas,prdiest,2615,NA,1
rec-505-org,m,thomas,priest,2615,d,1
rec-506-dup-0,m,millanze,campbejl,2602,f,6
rec-506-org,m,millane,campbell,2602,f,6
rec-507-dup-0,f,olly,kowakv,2615,f,1
rec-507-org,f,holly,kowald,2615,f,1
rec-508-dup-0,f,emiili,georgiadis,2612,NA,4
rec-508-org,f,emiily,georgiadis,2612,g,4
rec-509-dup-0,m,fignn,hiltob,2603,g,4
rec-509-org,m,finn,hilton,2603,g,4
rec-510-dup-0,f,mar|ee,henderson-wilson,2615,h,2
rec-510-org,f,marlee,henderson-wilson,2615,h,1
rec-511-dup-0,f,kirrah,wastenys,2913,h,7
rec-511-org,f,kirrah,wasteneys,2913,g,7
rec-512-dup-0,m,josthua,gigney,2902,h,2
rec-512-org,m,joshua,gigney,2902,g,2
rec-513-dup-0,m,travist,nov,2600,d,1
rec-513-org,m,travis,nou,2600,d,1
rec-514-dup-0,f,ckaitin,rob5on,2604,h,2
rec-514-org,f,kaitlin,robson,2604,h,2
rec-515-dup-0,f,rebecca,hamblin,2902,k,1
rec-515-org,f,rebecca,hamblin,2902,j,2
rec-516-dup-0,f,isabella,lode,2617,h,1
rec-516-org,f,isabella,lodge,2617,h,2
rec-517-dup-0,m,mitche1l,mayer,2611,g,NA
rec-517-org,m,mitchell,mayer,2611,g,4
rec-518-dup-0,f,amber,tieppo,2602,f,NA
rec-518-org,f,amber,tieppo,2602,g,3
rec-519-dup-0,f,luct,magazin,2905,s,7
rec-519-org,f,lucy,magazin,2905,d,7
rec-520-dup-0,f,laurekn,stephmnson,2902,f,2
rec-520-org,f,lauren,stephenson,2902,f,2
rec-521-dup-0,f,ysobel,boytle,2615,NA,1
rec-521-org,f,ysobel,boyle,2615,g,1
rec-522-dup-0,m,thomss,philps,2605,f,NA
rec-522-org,m,thomas,philps,2605,f,1
rec-523-dup-0,m,ky|e,excell,2904,s,NA
rec-523-org,m,kyle,excell,2904,s,4
rec-524-dup-0,m,darsi,gilles,2913,NA,2
rec-524-org,m,darcy,gilles,2913,f,2
rec-525-dup-0,f,micaela,green,2617,NA,7
rec-525-org,f,micaela,green,2617,g,6
rec-526-dup-0,m,jye,mcgain,2607,g,NA
rec-526-org,m,jye,mcgain,2607,f,3
rec-527-dup-0,m,oscar,stanvield,2612,NA,3
rec-527-org,m,oscar,stanfield,2612,h,3
rec-528-dup-0,f,daniella,clarke,2905,f,2
rec-528-org,f,daniella,clarke,2905,g,3
rec-529-dup-0,f,lauren,mccarthi,2902,g,1
rec-529-org,f,lauren,mccarthy,2902,f,1
rec-530-dup-0,f,claudia,robsom,2902,g,2
rec-530-org,f,claudia,robson,2902,g,1
rec-531-dup-0,f,demoe,curry,2914,j,NA
rec-531-org,f,demie,curry,2914,j,2
rec-532-dup-0,m,marko,weltnan,2611,f,NA
rec-532-org,m,marko,weltman,2611,f,8
rec-533-dup-0,m,rhysf,dixn,2611,d,6
rec-533-org,m,rhys,dixon,2611,d,6
rec-534-dup-0,m,zilas,ryan,2913,h,NA
rec-534-org,m,silas,ryan,2913,h,2
rec-535-dup-0,m,william,white,2905,NA,NA
rec-535-org,m,william,white,2905,f,8
rec-536-dup-0,f,jasmine,agius,2913,NA,2
rec-536-org,f,jasmine,agius,2913,g,1
rec-537-dup-0,f,kirra,white,2600,g,1
rec-537-org,f,kirra,white,2600,h,2
rec-538-dup-0,f,kayls,holastek,2614,d,7
rec-538-org,f,kayla,holasek,2614,d,7
rec-539-dup-0,f,emiiky,campnrll,2604,f,1
rec-539-org,f,emiily,campbell,2604,f,1
rec-540-dup-0,m,liam,masin,2607,s,2
rec-540-org,m,liam,mason,2607,d,2
rec-541-dup-0,m,kieren,laing,2905,j,NA
rec-541-org,m,kieren,laing,2905,h,8
rec-542-dup-0,f,orora,pinto,2603,d,8
rec-542-org,f,aurora,pinto,2603,f,8
rec-543-dup-0,m,thomas,ranson,2611,NA,NA
rec-543-org,m,thomas,ranson,2611,f,1
rec-544-dup-0,m,wiliam,fitcparick,2617,g,6
rec-544-org,m,william,fitzpatrick,2617,g,6
rec-545-dup-0,f,lara,gocentss,2902,d,2
rec-545-org,f,lara,gocentas,2902,f,2
rec-546-dup-0,m,sames,mason,2614,d,NA
rec-546-org,m,james,mason,2614,d,2
rec-547-dup-0,f,sarah,ryan,2605,NA,8
rec-547-org,f,sarah,ryan,2605,h,7
rec-548-dup-0,m,kobe,hoamg,2611,h,NA
rec-548-org,m,kobe,hoang,2611,h,5
rec-549-dup-0,f,laure,bartrk,2904,s,6
rec-549-org,f,lauren,bartel,2904,s,6
rec-550-dup-0,m,andrew,lowe,2612,f,NA
rec-550-org,m,andrew,lowe,2612,d,4
rec-551-dup-0,m,joshua,finlay,2905,NA,NA
rec-551-org,m,joshua,finlay,2905,d,5
rec-552-dup-0,f,shelbey,spratt,2600,NA,7
rec-552-org,f,shelbey,spratt,2600,f,6
rec-553-dup-0,m,james,reid,2904,NA,7
rec-553-org,m,james,reid,2904,h,6
rec-554-dup-0,f,elle,zierssh,2611,NA,2
rec-554-org,f,elle,ziersch,2611,h,2
rec-555-dup-0,m,anclrew,shepherd,2600,NA,1
rec-555-org,m,andrew,shepherd,2600,h,1
rec-556-dup-0,m,ostcar,doman,2904,f,3
rec-556-org,m,oscar,doman,2904,f,4
rec-557-dup-0,f,madison,bissrtt,2913,f,8
rec-557-org,f,madison,bissett,2913,d,8
rec-558-dup-0,m,nixholas,sherriff,2913,f,NA
rec-558-org,m,nicholas,sherriff,2913,f,1
rec-559-dup-0,m,john-pau1,primozich,2617,d,NA
rec-559-org,m,john-paul,primozich,2617,d,3
rec-560-dup-0,m,jasen,mctague,2905,s,3
rec-560-org,m,jaden,mctague,2905,s,2
rec-561-dup-0,f,amy,loman,2615,NA,3
rec-561-org,f,amy,lomman,2615,a,3
rec-562-dup-0,m,matthew,reid,2904,f,2
rec-562-org,m,matthew,reid,2904,d,1
rec-563-dup-0,f,isabella,wh:te,2614,s,2
rec-563-org,f,isabella,white,2614,d,2
rec-564-dup-0,m,luke,ste0henson,2602,d,6
rec-564-org,m,luke,stephenson,2602,d,5
rec-565-dup-0,f,eliza,whit,2611,d,2
rec-565-org,f,eliza,white,2611,d,1
rec-566-dup-0,f,emiily,kearnez,2902,f,7
rec-566-org,f,emiily,kearnes,2902,f,8
rec-567-dup-0,f,tagylor,daehn,2905,s,NA
rec-567-org,f,taylor,daehn,2905,s,2
rec-568-dup-0,m,willia,maymard,2600,g,8
rec-568-org,m,william,maynard,2600,g,8
rec-569-dup-0,f,eloise,b0werrnan,2913,s,5
rec-569-org,f,eloise,bowerman,2913,d,5
rec-570-dup-0,m,zachary,chandlzr,2615,f,NA
rec-570-org,m,zachary,chandler,2615,f,4
rec-571-dup-0,f,april,stanburt,2906,NA,2
rec-571-org,f,april,stanbury,2906,s,2
rec-572-dup-0,m,philiip,auman,2611,f,NA
rec-572-org,m,phillip,auman,2611,f,7
rec-573-dup-0,f,jayme,gully,2611,s,NA
rec-573-org,f,jayme,gully,2611,a,3
rec-574-dup-0,f,ellent,bradshaw,2621,d,6
rec-574-org,f,ellen,bradshaw,2621,f,6
rec-575-dup-0,f,jiiiima,pascoe,2605,NA,2
rec-575-org,f,jemima,pascoe,2605,g,2
rec-576-dup-0,f,zaly,brone,2606,g,2
rec-576-org,f,zali,browne,2606,g,2
rec-577-dup-0,m,jackson,stankey,2906,s,8
rec-577-org,m,jackson,stanley,2906,a,8
rec-578-dup-0,f,annabelle,kooyman,2614,NA,2
rec-578-org,f,annabelle,kooyman,2614,d,3
rec-579-dup-0,m,adam,mason,2615,g,NA
rec-579-org,m,adam,mason,2615,f,3
rec-580-dup-0,m,thonas,hyland,2609,d,5
rec-580-org,m,thomas,hyland,2609,f,5
rec-581-dup-0,f,kora,santelices,2602,g,NA
rec-581-org,f,kira,santelices,2602,g,3
rec-582-dup-0,f,kiana,wylli,2611,f,5
rec-582-org,f,kiana,wyllie,2611,d,5
rec-583-dup-0,f,repecca,cannell,2615,s,5
rec-583-org,f,rebecca,cannell,2615,s,6
rec-584-dup-0,f,rachel,sdan1ey,2604,g,NA
rec-584-org,f,rachel,stanley,2604,g,3
rec-585-dup-0,f,issvella,white,2602,f,NA
rec-585-org,f,isabella,white,2602,f,7
rec-586-dup-0,m,benjamin,tyerman,2615,d,NA
rec-586-org,m,benjamin,tyerman,2615,f,1
rec-587-dup-0,f,zophie,reej,2617,g,2
rec-587-org,f,sophie,rees,2617,g,2
rec-588-dup-0,m,arren,parr,2602,NA,1
rec-588-org,m,arren,parr,2602,d,2
rec-589-dup-0,f,bianca,georgr,2614,s,NA
rec-589-org,f,bianca,george,2614,s,5
rec-590-dup-0,m,campbell,mcneill,2604,NA,NA
rec-590-org,m,campbell,mcneill,2604,f,1
rec-591-dup-0,m,jaggah,cochtane,2606,NA,3
rec-591-org,m,jaggah,cochrane,2606,f,3
rec-592-dup-0,f,claire,clar1<e,2617,NA,7
rec-592-org,f,claire,clarke,2617,d,7
rec-593-dup-0,m,cooper,bridgland,2617,NA,NA
rec-593-org,m,cooper,bridgland,2617,g,1
rec-594-dup-0,m,danoel,henshaw,2603,NA,1
rec-594-org,m,daniel,henshaw,2603,f,1
rec-595-dup-0,f,taylor,ryam,2904,NA,7
rec-595-org,f,taylor,ryan,2904,f,7
rec-596-dup-0,f,alaria,vcandrew,2906,a,3
rec-596-org,f,alana,mcandrew,2906,a,3
rec-597-dup-0,m,harrison,thosrpe,2615,f,NA
rec-597-org,m,harrison,thorpe,2615,f,5
rec-598-dup-0,m,riley,mctier,2903,f,NA
rec-598-org,m,riley,mctier,2903,g,3
rec-599-dup-0,f,lucg,clarke,2902,s,2
rec-599-org,f,lucy,clarke,2902,d,2
rec-600-dup-0,m,jamiae,crossman,2611,h,4
rec-600-org,m,jamie,crossman,2611,h,5
rec-601-dup-0,m,san,golder,2607,g,2
rec-601-org,m,sam,golder,2607,g,3
rec-602-dup-0,f,olmvif,durbride,2605,f,1
rec-602-org,f,olivia,durbridge,2605,f,1
rec-603-dup-0,f,skye,bla1<e,2605,h,NA
rec-603-org,f,skye,blake,2605,h,8
rec-604-dup-0,m,iain,paderson,2906,g,1
rec-604-org,m,iain,paterson,2906,f,1
rec-605-dup-0,f,georgiha,whatling,2602,g,1
rec-605-org,f,georgia,whatling,2602,g,2
rec-606-dup-0,m,nathan,webn,2607,NA,2
rec-606-org,m,nathan,webb,2607,g,2
rec-607-dup-0,f,miche|le,hammer,2602,h,3
rec-607-org,f,michelle,hammer,2602,g,3
rec-608-dup-0,f,louiae,walkley,2903,a,NA
rec-608-org,f,louise,walkley,2903,a,4
rec-609-dup-0,m,todd,quilloam,2614,s,3
rec-609-org,m,todd,quilliam,2614,d,3
rec-610-dup-0,f,rchelo,nguyen,2906,f,3
rec-610-org,f,rachel,nguyen,2906,f,2
rec-611-dup-0,m,huntr,megic,2913,NA,3
rec-611-org,m,hunter,megic,2913,s,3
rec-612-dup-0,f,nihkki,matthews,2607,s,5
rec-612-org,f,nikki,matthews,2607,d,5
rec-613-dup-0,m,jackson,stcollard,2603,s,NA
rec-613-org,m,jackson,scollard,2603,s,3
rec-614-dup-0,f,aurota,morrison,2611,g,NA
rec-614-org,f,aurora,morrison,2611,g,4
rec-615-dup-0,m,kobn,meadows,2606,f,3
rec-615-org,m,koben,meadows,2606,g,3
rec-616-dup-0,m,warricl,fitzoatrick,2607,k,1
rec-616-org,m,warrick,fitzpatrick,2607,k,1
rec-617-dup-0,m,aiden,wiseman,2611,NA,6
rec-617-org,m,aiden,wiseman,2611,h,7
rec-618-dup-0,m,angus,white,2902,NA,6
rec-618-org,m,angus,white,2902,f,7
rec-619-dup-0,f,hannah,lowes,2913,s,9
rec-619-org,f,hannah,lowe,2913,s,8
rec-620-dup-0,m,soshua,simmonds,2914,NA,2
rec-620-org,m,joshua,simmonds,2914,g,2
rec-621-dup-0,m,sta,fullerton,2607,f,NA
rec-621-org,m,sam,fullerton,2607,f,8
rec-622-dup-0,m,ashlev,webb,2903,h,4
rec-622-org,m,ashley,webb,2903,h,5
rec-623-dup-0,f,joahdyn,hammonds,2617,NA,5
rec-623-org,f,jordyn,hammonds,2617,f,5
rec-624-dup-0,f,millije,green,2906,g,NA
rec-624-org,f,millie,green,2906,g,5
rec-625-dup-0,m,d'arvy,miels,2905,NA,1
rec-625-org,m,d'arcy,miels,2905,g,1
rec-626-dup-0,f,gabrielle,nevilile,2607,NA,3
rec-626-org,f,gabrielle,neville,2607,a,3
rec-627-dup-0,m,patnck,ditfort,2611,NA,2
rec-627-org,m,patrick,ditfort,2611,g,2
rec-628-dup-0,m,rilei,edmeades,2601,NA,7
rec-628-org,m,riley,edmeades,2601,d,7
rec-629-dup-0,m,jayde,wilczek,2617,NA,6
rec-629-org,m,jayden,wilczek,2617,f,6
rec-630-dup-0,f,miranda,puttrose,2902,NA,1
rec-630-org,f,miranda,buttrose,2902,d,1
rec-631-dup-0,m,ethan,burnell,2615,NA,NA
rec-631-org,m,ethan,burnell,2615,d,7
rec-632-dup-0,f,petreece,donajdson,2605,NA,7
rec-632-org,f,petreece,donaldson,2605,j,7
rec-633-dup-0,f,teagan,lazare,2615,f,6
rec-633-org,f,teagan,lazare,2615,d,5
rec-634-dup-0,f,joanna,ryan,2906,NA,NA
rec-634-org,f,joanna,ryan,2906,f,3
rec-635-dup-0,m,tom,greema,2906,f,NA
rec-635-org,m,tom,green,2906,f,2
rec-636-dup-0,m,jaok,good,2906,f,5
rec-636-org,m,jack,goode,2906,f,5
rec-637-dup-0,f,tahlis,blowes,2614,h,3
rec-637-org,f,tahlia,blowes,2614,g,3
rec-638-dup-0,m,adam,feciqk,2903,g,1
rec-638-org,m,adam,feciak,2903,g,2
rec-639-dup-0,m,logaiii,fudali,2602,j,5
rec-639-org,m,logan,fudali,2602,j,6
rec-640-dup-0,m,nichokas,stpargo,2906,s,6
rec-640-org,m,nicholas,spargo,2906,s,6
rec-641-dup-0,f,ebony,firilay,2906,g,4
rec-641-org,f,ebony,finlay,2906,g,2
rec-642-dup-0,f,meakan,webb,2602,NA,2
rec-642-org,f,meagan,webb,2602,f,2
rec-643-dup-0,f,isavelle,ranson,2602,f,NA
rec-643-org,f,isabelle,ranson,2602,f,5
rec-644-dup-0,f,lucu,clarcke,2614,f,3
rec-644-org,f,lucy,clarke,2614,f,3
rec-645-dup-0,f,alama,gi0ia,2906,j,8
rec-645-org,f,alana,gioia,2906,j,8
rec-646-dup-0,m,etan,vinlay,2603,a,6
rec-646-org,m,ethan,finlay,2603,a,6
rec-647-dup-0,f,sybella,av,2905,f,NA
rec-647-org,f,sybella,au,2905,f,8
rec-648-dup-0,f,briana,bish0p,2602,g,2
rec-648-org,f,brianna,bishop,2602,g,2
rec-649-dup-0,f,kaily,churches,2615,NA,2
rec-649-org,f,kailey,churches,2615,f,2
rec-650-dup-0,m,jacob,wheatkey,2614,g,NA
rec-650-org,m,jacob,wheatley,2614,g,5
rec-651-dup-0,m,lachlan,bishp,2617,d,NA
rec-651-org,m,lachlan,bishop,2617,d,5
rec-652-dup-0,m,samuel,snoacl,2606,NA,1
rec-652-org,m,samuel,snoad,2606,g,1
rec-653-dup-0,f,jessica,morison,2614,f,2
rec-653-org,f,jessica,morrison,2614,f,3
rec-654-dup-0,f,belimda,teaguke,2612,d,7
rec-654-org,f,belinda,teague,2612,d,7
rec-655-dup-0,m,kyle,col1ufio,2617,a,NA
rec-655-org,m,kyle,collufio,2617,a,4
rec-656-dup-0,m,bla|ce,lowe,2605,a,NA
rec-656-org,m,blake,lowe,2605,a,8
rec-657-dup-0,m,alexander,clarke,2611,NA,NA
rec-657-org,m,alexander,clarke,2611,g,2
rec-658-dup-0,f,jes5ica,mason,2904,h,8
rec-658-org,f,jessica,mason,2904,h,7
rec-659-dup-0,m,braedon,hite,2615,a,6
rec-659-org,m,braedon,white,2615,a,5
rec-660-dup-0,f,brielle,laree,2615,f,8
rec-660-org,f,brielle,large,2615,d,8
rec-661-dup-0,m,mackinley,vidackovic,2902,NA,7
rec-661-org,m,mackinley,vidakovic,2902,f,7
rec-662-dup-0,f,moly,rudcl,2607,d,4
rec-662-org,f,molly,rudd,2607,d,4
rec-663-dup-0,f,isabella,riveri,2602,d,8
rec-663-org,f,isabella,rivers,2602,d,7
rec-664-dup-0,m,willian,reid,2602,NA,7
rec-664-org,m,william,reid,2602,j,7
rec-665-dup-0,f,geoahgia,hijto,2604,j,2
rec-665-org,f,georgia,hilton,2604,j,2
rec-666-dup-0,f,freva,pascoe,2913,s,3
rec-666-org,f,freya,pascoe,2913,s,2
rec-667-dup-0,m,kobe,warn0ck,2602,d,NA
rec-667-org,m,kobe,warnock,2602,d,3
rec-668-dup-0,m,jezse,stanbury,2902,h,7
rec-668-org,m,jesse,stanbury,2902,h,5
rec-669-dup-0,f,anita,colier,2913,g,NA
rec-669-org,f,anita,collier,2913,g,7
rec-670-dup-0,f,chelsea,clatke,2905,NA,1
rec-670-org,f,chelsea,clarke,2905,g,1
rec-671-dup-0,f,holly,ryan,2615,NA,NA
rec-671-org,f,holly,ryan,2615,g,5
rec-672-dup-0,m,mitchekl,ekan,2606,g,2
rec-672-org,m,mitchell,egan,2606,g,2
rec-673-dup-0,f,caresse,novce,2605,f,6
rec-673-org,f,caresse,noyce,2605,f,5
rec-674-dup-0,f,paige,asseah,2905,d,NA
rec-674-org,f,paige,asser,2905,d,3
rec-675-dup-0,m,aidari,boyln,2615,f,3
rec-675-org,m,aidan,boyle,2615,f,3
rec-676-dup-0,m,lian,harbottle,2902,s,4
rec-676-org,m,liam,harbottle,2902,a,4
rec-677-dup-0,f,felicity,macgvwan,2913,NA,1
rec-677-org,f,felicity,macgowan,2913,d,1
rec-678-dup-0,f,layla,lahet,2602,g,1
rec-678-org,f,layla,lahey,2602,g,2
rec-679-dup-0,m,georgw,moody,2617,h,4
rec-679-org,m,george,moody,2617,g,4
rec-680-dup-0,m,jamej,neumann,2604,f,6
rec-680-org,m,james,neumann,2604,d,6
rec-681-dup-0,m,jorclan,monteleone,2611,d,2
rec-681-org,m,jordan,monteleone,2611,f,2
rec-682-dup-0,f,samantha,dradv,2602,g,4
rec-682-org,f,samantha,drady,2602,g,5
rec-683-dup-0,m,silhs,calow,2913,g,NA
rec-683-org,m,silas,calow,2913,g,3
rec-684-dup-0,f,isabel|a,rees,2906,j,NA
rec-684-org,f,isabella,rees,2906,j,1
rec-685-dup-0,m,dean,berbert,2905,d,NA
rec-685-org,m,dean,herbert,2905,d,1
rec-686-dup-0,f,larissa,toso,2902,NA,6
rec-686-org,f,larissa,toso,2902,d,5
rec-687-dup-0,m,max,van wijck,2612,d,3
rec-687-org,m,max,van wijk,2612,d,2
rec-688-dup-0,f,grace,orchard,2913,NA,NA
rec-688-org,f,grace,orchard,2913,d,3
rec-689-dup-0,f,ellorah,kuly,2903,h,2
rec-689-org,f,ellorah,gully,2903,g,2
rec-690-dup-0,m,conor,goode,2905,h,NA
rec-690-org,m,connor,goode,2905,h,2
rec-691-dup-0,f,elisa,green,2615,f,7
rec-691-org,f,eliza,green,2615,g,7
rec-692-dup-0,m,jams,cannel,2615,g,2
rec-692-org,m,james,cannell,2615,g,2
rec-693-dup-0,m,james,birindzic,2604,j,4
rec-693-org,m,james,birindzic,2604,h,5
rec-694-dup-0,f,tafalia,bardel,2914,d,2
rec-694-org,f,taalia,bartel,2914,d,2
rec-695-dup-0,m,luke,laundu,2612,f,6
rec-695-org,m,luke,laundy,2612,g,6
rec-696-dup-0,f,brooklyn,zimmermari,2614,d,1
rec-696-org,f,brooklyn,zimmermann,2614,d,2
rec-697-dup-0,f,aimee,reid,2603,NA,NA
rec-697-org,f,aimee,reid,2603,g,7
rec-698-dup-0,m,rhya,moody,2614,NA,5
rec-698-org,m,rhys,moody,2614,g,5
rec-699-dup-0,m,hamosh,e1>eut,2902,a,4
rec-699-org,m,hamish,ebert,2902,a,4
rec-700-dup-0,f,matisse,hyland,2615,f,2
rec-700-org,f,matisse,hyland,2615,d,3
rec-701-dup-0,f,india,vandoorn,2903,NA,NA
rec-701-org,f,india,vandoorn,2903,f,2
rec-702-dup-0,m,connor,bottroff,2902,NA,1
rec-702-org,m,connor,bottroff,2902,f,2
rec-703-dup-0,m,sebastian,lono,2604,f,NA
rec-703-org,m,sebastian,longo,2604,f,3
rec-704-dup-0,f,carly,whlte,2904,d,8
rec-704-org,f,carly,white,2904,s,8
rec-705-dup-0,m,mitchell,nitkie,2604,NA,3
rec-705-org,m,mitchell,niddrie,2604,g,3
rec-706-dup-0,m,william,slape,2615,NA,NA
rec-706-org,m,william,slape,2615,g,3
rec-707-dup-0,m,jasper,krollag,2615,NA,1
rec-707-org,m,jasper,krollig,2615,d,1
rec-708-dup-0,f,chelsea,haiiimill,2615,d,2
rec-708-org,f,chelsea,hammill,2615,d,1
rec-709-dup-0,m,flyrin,gulia,2614,a,5
rec-709-org,m,flynn,gulia,2614,s,5
rec-710-dup-0,m,connor,bishfp,2602,d,7
rec-710-org,m,connor,bishop,2602,d,8
rec-711-dup-0,m,brodj,assr,2906,s,8
rec-711-org,m,brody,asser,2906,s,8
rec-712-dup-0,f,madeline,pidzcyk,2602,d,7
rec-712-org,f,madeline,piszcyk,2602,d,8
rec-713-dup-0,m,jarrod,matthew5t,2903,g,NA
rec-713-org,m,jarrod,matthews,2903,g,5
rec-714-dup-0,f,emiily,churches,2913,s,NA
rec-714-org,f,emiily,churches,2913,a,4
rec-715-dup-0,f,sylvje,dixori,2615,j,1
rec-715-org,f,sylvie,dixon,2615,j,1
rec-716-dup-0,f,geoe9ia,farclell,2617,g,6
rec-716-org,f,georgia,fardell,2617,g,6
rec-717-dup-0,m,luke,dhwaie,2617,k,NA
rec-717-org,m,luke,thwaite,2617,k,2
rec-718-dup-0,f,rebekah,rawlinks,2607,s,6
rec-718-org,f,rebekah,rawlings,2607,d,6
rec-719-dup-0,m,liam,nohle,2607,a,5
rec-719-org,m,liam,noble,2607,a,6
rec-720-dup-0,m,etan,manskey,2904,j,NA
rec-720-org,m,ethan,manskey,2904,j,7
rec-721-dup-0,f,eliza,hatherull,2615,d,NA
rec-721-org,f,eliza,hatherell,2615,d,7
rec-722-dup-0,f,olly,bratk0,2612,f,7
rec-722-org,f,holly,bratko,2612,f,7
rec-723-dup-0,m,campbelz,varano,2605,h,3
rec-723-org,m,campbell,varano,2605,g,3
rec-724-dup-0,m,nathan,anejtopoulos,2604,f,8
rec-724-org,m,nathan,anestopoulos,2604,d,8
rec-725-dup-0,f,rebeccqa,lowe,2600,s,NA
rec-725-org,f,rebecca,lowe,2600,s,4
rec-726-dup-0,f,haylev,d'addio,2600,d,5
rec-726-org,f,hayley,d'addio,2600,f,5
rec-727-dup-0,m,patrixk,giucrelli,2602,d,7
rec-727-org,m,patrick,giurelli,2602,d,7
rec-728-dup-0,m,lacblan,etherington,2905,s,NA
rec-728-org,m,lachlan,etherington,2905,s,6
rec-729-dup-0,f,imogwn,falcetta,2902,s,5
rec-729-org,f,imogen,falcetta,2902,d,5
rec-730-dup-0,f,bronte,kanon,2604,f,NA
rec-730-org,f,bronte,canton,2604,f,7
rec-731-dup-0,m,matthew,frah,2605,f,NA
rec-731-org,m,matthew,farah,2605,f,1
rec-732-dup-0,m,jacob,oats,2617,f,NA
rec-732-org,m,jacob,oats,2617,g,5
rec-733-dup-0,f,erib,mccracken,2905,g,NA
rec-733-org,f,erin,mccracken,2905,g,8
rec-734-dup-0,m,kye,tsavtagridis,2600,g,5
rec-734-org,m,kye,tsavtaridis,2600,g,6
rec-735-dup-0,m,danie,fitzpatrick,2611,s,2
rec-735-org,m,daniel,fitzpatrick,2611,d,2
rec-736-dup-0,f,jasmin,brain,2615,h,NA
rec-736-org,f,jasmine,brain,2615,h,5
rec-737-dup-0,f,jasmine,jang,2607,k,NA
rec-737-org,f,jasmine,jang,2607,j,2
rec-738-dup-0,f,madel'lne,morrsson,2611,g,2
rec-738-org,f,madeline,morrison,2611,g,2
rec-739-dup-0,f,lily,lombqrdi,2612,h,NA
rec-739-org,f,lily,lombardi,2612,h,2
rec-740-dup-0,f,sophie,budrrika,2905,NA,5
rec-740-org,f,sophie,budreika,2905,g,5
rec-741-dup-0,m,pyron,humphreys,2617,NA,8
rec-741-org,m,byron,humphreys,2617,f,8
rec-742-dup-0,f,elli,coseman,2905,f,2
rec-742-org,f,elli,coleman,2905,g,2
rec-743-dup-0,f,jessica,greem,2617,f,5
rec-743-org,f,jessica,green,2617,f,4
rec-744-dup-0,f,danirlle,cattigan,2615,f,7
rec-744-org,f,danielle,cattigan,2615,f,8
rec-745-dup-0,m,timotht,lovve,2904,f,2
rec-745-org,m,timothy,lowe,2904,f,2
rec-746-dup-0,m,char|es,norroson,2606,d,6
rec-746-org,m,charles,morrison,2606,d,6
rec-747-dup-0,m,joshua,allanbi,2612,a,6
rec-747-org,m,joshua,allanby,2612,a,7
rec-748-dup-0,m,jack,haat,2611,d,2
rec-748-org,m,jack,haar,2611,d,1
rec-749-dup-0,f,elizz,bullock,2607,d,NA
rec-749-org,f,eliza,bullock,2607,d,1
rec-750-dup-0,f,gillian,matsom,2913,j,NA
rec-750-org,f,gillian,matson,2913,j,2
rec-751-dup-0,m,jamiye,namubdja,2602,g,2
rec-751-org,m,jamie,namundja,2602,g,2
rec-752-dup-0,m,iajn,karpathjos,2604,s,2
rec-752-org,m,iain,karpathios,2604,s,2
rec-753-dup-0,m,nichols,blake,2615,f,NA
rec-753-org,m,nicholas,blake,2615,f,2
rec-754-dup-0,m,josthua,boyle,2913,d,NA
rec-754-org,m,joshua,boyle,2913,d,5
rec-755-dup-0,m,anronio,herbert,2615,g,6
rec-755-org,m,antonio,herbert,2615,g,5
rec-756-dup-0,m,riley,warsle,2906,f,2
rec-756-org,m,riley,wardle,2906,f,1
rec-757-dup-0,f,vendula,alllgan,2913,h,NA
rec-757-org,f,vendula,halligan,2913,h,5
rec-758-dup-0,f,cheuenne,clarke,2903,NA,8
rec-758-org,f,cheyenne,clarke,2903,a,8
rec-759-dup-0,m,nichoias,white,2913,NA,1
rec-759-org,m,nicholas,white,2913,g,1
rec-760-dup-0,m,edward,mccarrhy,2604,NA,5
rec-760-org,m,edward,mccarthy,2604,j,5
rec-761-dup-0,f,sara,calamtzis,2612,d,9
rec-761-org,f,sara,calantzis,2612,d,8
rec-762-dup-0,m,baoley,dolan,2615,f,NA
rec-762-org,m,bailey,dolan,2615,f,2
rec-763-dup-0,m,jacl,ricbie,2903,f,4
rec-763-org,m,jack,richie,2903,f,4
rec-764-dup-0,m,sett,boyes,2614,s,NA
rec-764-org,m,jett,boyes,2614,s,7
rec-765-dup-0,f,nikki,brocck,2906,NA,2
rec-765-org,f,nikki,brock,2906,d,2
rec-766-dup-0,m,blake,campbel,2607,g,NA
rec-766-org,m,blake,campbell,2607,g,2
rec-767-dup-0,m,scott,lesiuk,2602,f,NA
rec-767-org,m,scott,lesiuk,2602,d,7
rec-768-dup-0,f,ebomy,lombardi,2612,d,1
rec-768-org,f,ebony,lombardi,2612,s,1
rec-769-dup-0,f,kyah,greem,2600,NA,4
rec-769-org,f,kyah,green,2600,g,4
rec-770-dup-0,f,alexandra,pajne,2614,s,2
rec-770-org,f,alexandra,paine,2614,s,3
rec-771-dup-0,f,charkotte,halley,2614,g,NA
rec-771-org,f,charlotte,halley,2614,g,5
rec-772-dup-0,m,mak,philcx,2905,g,5
rec-772-org,m,mark,philcox,2905,g,5
rec-773-dup-0,f,erin,greem,2615,d,NA
rec-773-org,f,erin,green,2615,d,3
rec-774-dup-0,m,tyler,broadhead,2612,f,NA
rec-774-org,m,tyler,broadhead,2612,g,2
rec-775-dup-0,f,lexcie,hite,2602,g,4
rec-775-org,f,lexie,white,2602,g,4
rec-776-dup-0,m,tobv,egans,2902,g,4
rec-776-org,m,toby,egan,2902,g,4
rec-777-dup-0,m,luke,thredgold,2612,a,NA
rec-777-org,m,luke,thredgold,2612,s,2
rec-778-dup-0,m,thoiiias,blackwell,2617,s,8
rec-778-org,m,thomas,blackwell,2617,d,8
rec-779-dup-0,f,jemna,fenwick,2606,l,1
rec-779-org,f,jemma,fenwick,2606,k,1
rec-780-dup-0,m,hyrry,druman,2905,f,7
rec-780-org,m,harry,truman,2905,f,7
rec-781-dup-0,m,michael,wisenman,2904,d,NA
rec-781-org,m,michael,wiseman,2904,d,2
rec-782-dup-0,f,arabella,boyle,2906,NA,NA
rec-782-org,f,arabella,boyle,2906,s,2
rec-783-dup-0,f,anthea,jolly,2905,f,NA
rec-783-org,f,anthea,jolly,2905,d,3
rec-784-dup-0,m,kynan,paterson,2617,h,6
rec-784-org,m,kynan,paterson,2617,j,5
rec-785-dup-0,m,riley,nicoll,2617,NA,NA
rec-785-org,m,riley,nicoll,2617,s,5
rec-786-dup-0,f,alisa,ha9e,2602,d,2
rec-786-org,f,alisa,hage,2602,d,1
rec-787-dup-0,f,sophie,waller,2905,NA,2
rec-787-org,f,sophie,waller,2905,f,3
rec-788-dup-0,f,holky,egan,2600,j,NA
rec-788-org,f,holly,egan,2600,j,1
rec-789-dup-0,m,taniel,czobik,2902,g,NA
rec-789-org,m,daniel,czobik,2902,g,3
rec-790-dup-0,m,jorv,hob5on,2602,d,2
rec-790-org,m,jory,hobson,2602,d,2
rec-791-dup-0,f,india,wilkims,2606,NA,2
rec-791-org,f,india,wilkins,2606,a,2
rec-792-dup-0,f,alissa,whitw,2913,g,NA
rec-792-org,f,alissa,white,2913,g,3
rec-793-dup-0,f,kira,klarke,2606,f,1
rec-793-org,f,kirra,clarke,2606,f,1
rec-794-dup-0,m,hgo,spocer,2913,f,5
rec-794-org,m,hugo,spicer,2913,f,5
rec-795-dup-0,m,lyntom,mcandrew,2615,s,NA
rec-795-org,m,lynton,mcandrew,2615,s,3
rec-796-dup-0,m,williamq,vouyson,2913,g,2
rec-796-org,m,william,coulson,2913,g,2
rec-797-dup-0,f,rachel,campbell,2905,NA,NA
rec-797-org,f,rachel,campbell,2905,s,3
rec-798-dup-0,m,jayk0b,ferrist,2604,s,5
rec-798-org,m,jaykob,ferris,2604,s,5
rec-799-dup-0,f,caitlun,kiss,2905,f,2
rec-799-org,f,caitlin,kiss,2905,d,2
rec-800-dup-0,f,emiily,thanissorn,2611,d,1
rec-800-org,f,emiily,thanissorn,2611,f,2
rec-801-dup-0,f,michaela,maczkowiavk,2614,a,4
rec-801-org,f,michaela,maczkowiack,2614,s,4
rec-802-dup-0,f,xani,hathaway,2606,g,4
rec-802-org,f,xani,hathaway,2606,h,5
rec-803-dup-0,f,charlotte,dixon,2913,h,5
rec-803-org,f,charlotte,dixon,2913,g,6
rec-804-dup-0,f,annabel,campbel,2611,j,4
rec-804-org,f,annabel,campbell,2611,j,5
rec-805-dup-0,f,claire,weidenbacs,2903,NA,7
rec-805-org,f,claire,weidenbach,2903,f,7
rec-806-dup-0,m,jackson,wilkey,2603,NA,7
rec-806-org,m,jackson,wilkey,2603,g,8
rec-807-dup-0,f,ashle'lgb,dixey,2602,f,2
rec-807-org,f,ashleigh,dixey,2602,g,2
rec-808-dup-0,f,xani,mah0n,2611,NA,8
rec-808-org,f,xani,mahon,2611,s,8
rec-809-dup-0,m,blske,noack,2914,NA,3
rec-809-org,m,blake,noack,2914,f,3
rec-810-dup-0,m,braiden,manfeld,2612,g,4
rec-810-org,m,braiden,manfield,2612,g,5
rec-811-dup-0,m,mitl<hell,rees,2611,NA,5
rec-811-org,m,mitchell,rees,2611,f,5
rec-812-dup-0,f,lucyl,garnsey,2614,h,6
rec-812-org,f,lucy,garnsey,2614,g,6
rec-813-dup-0,f,chloe,campbell,2913,NA,NA
rec-813-org,f,chloe,campbell,2913,d,1
rec-814-dup-0,m,andrrw,trent,2902,NA,8
rec-814-org,m,andrew,trent,2902,j,8
rec-815-dup-0,m,lo9an,karioti,2614,g,1
rec-815-org,m,logan,carioti,2614,g,1
rec-816-dup-0,m,jayden,web1>,2905,NA,7
rec-816-org,m,jayden,webb,2905,f,7
rec-817-dup-0,f,isabelle,rya,2603,NA,2
rec-817-org,f,isabelle,ryan,2603,f,2
rec-818-dup-0,f,chloe,lamprev,2604,NA,2
rec-818-org,f,chloe,lamprey,2604,f,2
rec-819-dup-0,m,benjamin,clanrke,2904,NA,6
rec-819-org,m,benjamin,clarke,2904,g,6
rec-820-dup-0,m,millanei,dabson,2602,f,NA
rec-820-org,m,millane,dabson,2602,f,1
rec-821-dup-0,f,madis0n,hant,2603,k,3
rec-821-org,f,madison,hand,2603,k,3
rec-822-dup-0,m,levvis,finlay,2612,j,1
rec-822-org,m,lewis,finlay,2612,h,1
rec-823-dup-0,f,emiinly,but,2602,f,2
rec-823-org,f,emiily,butt,2602,f,2
rec-824-dup-0,f,catheririe,hermans,2606,f,NA
rec-824-org,f,catherine,hermans,2606,f,1
rec-825-dup-0,m,liam,rnichalek,2617,f,NA
rec-825-org,m,liam,michalek,2617,f,3
rec-826-dup-0,m,mixell,hintmarch,2913,f,6
rec-826-org,m,mitchell,hindmarch,2913,f,6
rec-827-dup-0,f,lily,herbert,2615,g,NA
rec-827-org,f,lily,herbert,2615,f,5
rec-828-dup-0,m,sam,green,2902,f,NA
rec-828-org,m,sam,green,2902,d,2
rec-829-dup-0,m,alex,sheldori,2600,f,3
rec-829-org,m,alex,sheldon,2600,g,3
rec-830-dup-0,f,irene,leovng,2605,f,1
rec-830-org,f,irene,leong,2605,f,2
rec-831-dup-0,m,isaiah,kluslce,2614,d,2
rec-831-org,m,isaiah,kluske,2614,d,1
rec-832-dup-0,m,bensamin,ayre5,2607,f,4
rec-832-org,m,benjamin,ayres,2607,f,4
rec-833-dup-0,m,louiz,mollart,2612,h,6
rec-833-org,m,louis,mollart,2612,h,5
rec-834-dup-0,m,riley,robqon,2611,NA,2
rec-834-org,m,riley,robson,2611,s,2
rec-835-dup-0,f,sophie,nicol,2913,k,3
rec-835-org,f,sophie,nicoll,2913,j,3
rec-836-dup-0,m,harrison,lingeek,2611,d,NA
rec-836-org,m,harrison,lingbeek,2611,d,6
rec-837-dup-0,m,lisn,boutchard,2913,f,6
rec-837-org,m,liam,boutchard,2913,f,5
rec-838-dup-0,f,sophie,culbertson,2600,a,NA
rec-838-org,f,sophie,culbertson,2600,d,7
rec-839-dup-0,m,camerom,laing,2903,d,NA
rec-839-org,m,cameron,laing,2903,d,3
rec-840-dup-0,m,hayden,wh'lte,2602,g,3
rec-840-org,m,hayden,white,2602,f,3
rec-841-dup-0,f,jessica,sekulitck,2913,NA,6
rec-841-org,f,jessica,sekulitch,2913,s,6
rec-842-dup-0,f,taliah,stanley,2902,NA,NA
rec-842-org,f,taliah,stanley,2902,f,4
rec-843-dup-0,m,joej,davb,2906,g,1
rec-843-org,m,joel,dabb,2906,g,1
rec-844-dup-0,f,ijabeila,klemm,2914,a,7
rec-844-org,f,isabella,klemm,2914,a,6
rec-845-dup-0,m,wil,mattbews,2906,g,NA
rec-845-org,m,wil,matthews,2906,g,4
rec-846-dup-0,m,antbony,noble,2903,g,5
rec-846-org,m,anthony,noble,2903,f,5
rec-847-dup-0,f,katelyn,goldsvvorthy,2612,l,5
rec-847-org,f,katelyn,goldsworthy,2612,k,5
rec-848-dup-0,f,claiye,pinkney,2602,d,5
rec-848-org,f,claire,pinkney,2602,s,5
rec-849-dup-0,m,jaysen,rukin,2602,f,2
rec-849-org,m,jayden,ruskin,2602,f,2
rec-850-dup-0,f,zal,riddell,2602,f,NA
rec-850-org,f,zali,riddell,2602,f,1
rec-851-dup-0,m,joshua,schiemer,2612,a,3
rec-851-org,m,joshua,schiemer,2612,s,4
rec-852-dup-0,f,montana,covfe,2611,NA,5
rec-852-org,f,montana,coffey,2611,g,5
rec-853-dup-0,m,lamhlan,clarke,2611,NA,4
rec-853-org,m,lachlan,clarke,2611,j,4
rec-854-dup-0,f,isabella,lowe,2617,h,NA
rec-854-org,f,isabella,lowe,2617,g,7
rec-855-dup-0,f,holky,nevvpould,2615,g,1
rec-855-org,f,holly,newbould,2615,g,1
rec-856-dup-0,m,macinley,traforti,2903,NA,3
rec-856-org,m,mackinley,traforti,2903,d,3
rec-857-dup-0,m,joshus,hanka,2607,f,2
rec-857-org,m,joshua,hanks,2607,f,2
rec-858-dup-0,m,lyam,brsdshaw,2615,j,2
rec-858-org,m,liam,bradshaw,2615,j,2
rec-859-dup-0,f,hannahc,lettw,2600,d,5
rec-859-org,f,hannah,lette,2600,d,5
rec-860-dup-0,m,noag,versteegen,2615,d,NA
rec-860-org,m,noah,versteegen,2615,d,4
rec-861-dup-0,m,lachlan,ryan,2603,h,NA
rec-861-org,m,lachlan,ryan,2603,g,3
rec-862-dup-0,f,lucy,reid,2602,j,2
rec-862-org,f,lucy,reid,2602,h,3
rec-863-dup-0,m,mitchell,golden,2611,NA,NA
rec-863-org,m,mitchell,golden,2611,a,5
rec-864-dup-0,m,alexander,geor9e,2614,d,NA
rec-864-org,m,alexander,george,2614,d,7
rec-865-dup-0,f,soph:e,zimmermanm,2602,h,7
rec-865-org,f,sophie,zimmermann,2602,h,7
rec-866-dup-0,f,leab,green,2902,d,4
rec-866-org,f,leah,green,2902,f,4
rec-867-dup-0,m,benjamin,she,2603,NA,8
rec-867-org,m,benjamin,zhe,2603,a,8
rec-868-dup-0,f,ely,paine,2615,NA,6
rec-868-org,f,elly,paine,2615,s,6
rec-869-dup-0,f,fyynlay,osteraas,2604,NA,NA
rec-869-org,f,fyynlay,osteraas,2604,h,5
rec-870-dup-0,f,bridjyt,perjung,2903,g,2
rec-870-org,f,bridget,persing,2903,g,2
rec-871-dup-0,m,lee,rankime,2605,NA,1
rec-871-org,m,lee,rankine,2605,k,1
rec-872-dup-0,m,bensamin,lohe,2603,g,1
rec-872-org,m,benjamin,lohe,2603,f,1
rec-873-dup-0,f,elly,campbel,2601,f,8
rec-873-org,f,elly,campbell,2601,d,8
rec-874-dup-0,f,rhiannom,bovle,2606,g,1
rec-874-org,f,rhiannon,boyle,2606,g,1
rec-875-dup-0,f,olivia,symmns,2615,NA,2
rec-875-org,f,olivia,symmons,2615,d,2
rec-876-dup-0,f,erjn,solly,2903,f,2
rec-876-org,f,erin,jolly,2903,f,2
rec-877-dup-0,m,jackson,blosb,2903,g,1
rec-877-org,m,jackson,blows,2903,g,2
rec-878-dup-0,f,sophie,gryrson,2615,f,5
rec-878-org,f,sophie,grierson,2615,s,5
rec-879-dup-0,f,isabella,stephen5on,2611,d,NA
rec-879-org,f,isabella,stephenson,2611,d,5
rec-880-dup-0,m,consor,clarke,2600,g,NA
rec-880-org,m,connor,clarke,2600,g,8
rec-881-dup-0,f,eliza,greeri,2607,NA,1
rec-881-org,f,eliza,green,2607,d,1
rec-882-dup-0,f,hianca,heuer,2612,k,8
rec-882-org,f,bianca,heuer,2612,k,7
rec-883-dup-0,m,joshva,hyland,2614,d,NA
rec-883-org,m,joshua,hyland,2614,d,3
rec-884-dup-0,m,tyr0n,burford,2602,d,NA
rec-884-org,m,tyron,burford,2602,d,2
rec-885-dup-0,m,charlje,mason,2612,f,2
rec-885-org,m,charlie,mason,2612,f,1
rec-886-dup-0,f,elcv,ladaniwsckyj,2614,f,1
rec-886-org,f,elly,ladaniwskyj,2614,f,1
rec-887-dup-0,m,flynn,browne,2913,g,NA
rec-887-org,m,flynn,browne,2913,f,6
rec-888-dup-0,m,jordan,szysz,2602,NA,NA
rec-888-org,m,jordan,szysz,2602,f,2
rec-889-dup-0,m,thomas,campbell,2607,NA,1
rec-889-org,m,thomas,campbell,2607,g,2
rec-890-dup-0,f,xante,yee,2602,d,3
rec-890-org,f,xanthe,yee,2602,d,2
rec-891-dup-0,f,ruby,mcgregor,2617,NA,1
rec-891-org,f,ruby,mcgregor,2617,g,2
rec-892-dup-0,m,nicholas,vinceit,2617,NA,5
rec-892-org,m,nicholas,vincent,2617,a,5
rec-893-dup-0,f,kiarnee,graingwr,2615,g,4
rec-893-org,f,kiarnee,grainger,2615,h,4
rec-894-dup-0,m,clon,green,2611,f,5
rec-894-org,m,clain,green,2611,g,5
rec-895-dup-0,m,benjamiri,soujemezis,2617,a,3
rec-895-org,m,benjamin,soulemezis,2617,a,3
rec-896-dup-0,m,connor,erbert,2606,NA,5
rec-896-org,m,connor,herbert,2606,d,5
rec-897-dup-0,f,belirida,dixon,2602,f,6
rec-897-org,f,belinda,dixon,2602,d,6
rec-898-dup-0,f,tara,buha9iar,2607,s,NA
rec-898-org,f,tara,buhagiar,2607,s,1
rec-899-dup-0,m,jackson,selling,2617,s,6
rec-899-org,m,jackson,snelling,2617,a,6
rec-900-dup-0,f,aleandrs,web,2611,h,2
rec-900-org,f,alexandra,webb,2611,h,2
rec-901-dup-0,m,laklan,rees,2902,NA,1
rec-901-org,m,lachlan,rees,2902,d,1
rec-902-dup-0,f,olvia,boylbe,2904,g,3
rec-902-org,f,olivia,boyle,2904,g,3
rec-903-dup-0,f,ashleigh,pascoe,2611,NA,NA
rec-903-org,f,ashleigh,pascoe,2611,d,1
rec-904-dup-0,m,lyan,nguyen,2906,j,4
rec-904-org,m,liam,nguyen,2906,h,4
rec-905-dup-0,m,connor,huynhn,2617,l,NA
rec-905-org,m,connor,huynhn,2617,k,3
rec-906-dup-0,f,kiera,arman:ni,2905,NA,1
rec-906-org,f,kiera,armanini,2905,f,1
rec-907-dup-0,f,taylor-saige,hutdy,2902,j,5
rec-907-org,f,taylor-saige,huddy,2902,j,6
rec-908-dup-0,f,madeline,rothu,2617,d,2
rec-908-org,f,madeline,rothe,2617,f,2
rec-909-dup-0,f,tara,rwid,2611,f,7
rec-909-org,f,tara,reid,2611,g,7
rec-910-dup-0,f,kiara,ckaploon,2615,f,5
rec-910-org,f,kiara,kaploon,2615,f,6
rec-911-dup-0,f,niki,crouch,2611,d,NA
rec-911-org,f,nikki,crouch,2611,d,2
rec-912-dup-0,m,thomas,curty,2615,d,4
rec-912-org,m,thomas,curry,2615,d,5
rec-913-dup-0,m,zav,mkrevor,2617,f,3
rec-913-org,m,zac,mcgregor,2617,f,3
rec-914-dup-0,m,christopher,zimmernann,2617,g,NA
rec-914-org,m,christopher,zimmermann,2617,g,1
rec-915-dup-0,m,zarran,lowry,2611,NA,NA
rec-915-org,m,zarran,lowry,2611,g,8
rec-916-dup-0,f,ava,mcgregor,2617,NA,3
rec-916-org,f,ava,mcgregor,2617,g,4
rec-917-dup-0,m,matthevv,benett0,2902,a,8
rec-917-org,m,matthew,benetto,2902,a,8
rec-918-dup-0,f,geoahgia,hage,2903,NA,5
rec-918-org,f,georgia,hage,2903,s,5
rec-919-dup-0,f,ckatelyn,reed,2615,f,2
rec-919-org,f,katelyn,rees,2615,f,2
rec-920-dup-0,m,james,fernando,2906,NA,2
rec-920-org,m,james,fernando,2906,g,1
rec-921-dup-0,f,ayla,arsenijevic,2905,g,9
rec-921-org,f,ayla,arsenijevic,2905,d,8
rec-922-dup-0,m,ja5per,priest,2604,f,7
rec-922-org,m,jasper,priest,2604,f,6
rec-923-dup-0,f,tayah,horley,2902,g,5
rec-923-org,f,tayah,horsley,2902,f,5
rec-924-dup-0,m,ethan,grern,2913,h,2
rec-924-org,m,ethan,green,2913,g,2
rec-925-dup-0,m,jal,paterson,2612,NA,8
rec-925-org,m,jai,paterson,2612,d,8
rec-926-dup-0,m,luke,bligh,2604,h,NA
rec-926-org,m,luke,bligh,2604,g,8
rec-927-dup-0,f,kate,matthews,2600,f,NA
rec-927-org,f,kate,matthews,2600,g,4
rec-928-dup-0,f,takis,brooker,2614,d,NA
rec-928-org,f,talia,brooker,2614,d,7
rec-929-dup-0,m,chalie,moulton,2614,k,2
rec-929-org,m,charlie,moulton,2614,k,1
rec-930-dup-0,m,huntvvr,ngiyen,2615,g,3
rec-930-org,m,hunter,nguyen,2615,g,3
rec-931-dup-0,m,jaj,buhagiar,2905,NA,1
rec-931-org,m,jai,buhagiar,2905,k,1
rec-932-dup-0,f,kiaria,fei,2615,d,5
rec-932-org,f,kiana,feil,2615,d,5
rec-933-dup-0,f,tiams,collier,2612,NA,2
rec-933-org,f,tiarna,collier,2612,h,2
rec-934-dup-0,m,joshuga,mekam,2604,f,1
rec-934-org,m,joshua,meachan,2604,f,1
rec-935-dup-0,m,harry,chandler,2605,s,NA
rec-935-org,m,harry,chandler,2605,a,6
rec-936-dup-0,f,sophie,spagnoletti,2611,NA,NA
rec-936-org,f,sophie,spagnoletti,2611,h,5
rec-937-dup-0,m,timoyhy,lowe,2913,g,NA
rec-937-org,m,timothy,lowe,2913,g,2
rec-938-dup-0,f,madison,web,2902,NA,3
rec-938-org,f,madison,webb,2902,d,3
rec-939-dup-0,m,jasper,rusgby,2615,s,NA
rec-939-org,m,jasper,rushby,2615,s,8
rec-940-dup-0,f,grace,breheny,2615,f,NA
rec-940-org,f,grace,breheny,2615,g,8
rec-941-dup-0,m,samuel,waljley,2617,d,6
rec-941-org,m,samuel,walkley,2617,d,5
rec-942-dup-0,m,alex,boyle,2902,NA,3
rec-942-org,m,alex,boyle,2902,d,2
rec-943-dup-0,m,logan,kluske,2612,l,NA
rec-943-org,m,logan,kluske,2612,k,3
rec-944-dup-0,f,mava,green,2612,NA,2
rec-944-org,f,maya,green,2612,j,2
rec-945-dup-0,m,kallum,edson,2904,NA,1
rec-945-org,m,callum,edson,2904,h,1
rec-946-dup-0,f,macry,lcoerbin,2603,f,2
rec-946-org,f,macey,koerbin,2603,f,2
rec-947-dup-0,m,sebastian,mezhvins1<y,2903,NA,2
rec-947-org,m,sebastian,mezhvinsky,2903,d,2
rec-948-dup-0,m,jacob,herberd,2905,h,7
rec-948-org,m,jacob,herbert,2905,g,7
rec-949-dup-0,f,madis0n,maynard,2602,NA,8
rec-949-org,f,madison,maynard,2602,a,8
rec-950-dup-0,m,hayden,easleau,2913,NA,4
rec-950-org,m,hayden,easlea,2913,s,4
rec-951-dup-0,m,rylwy,blke,2902,a,8
rec-951-org,m,ryley,blake,2902,a,8
rec-952-dup-0,m,tomy,excell,2618,d,3
rec-952-org,m,tony,excell,2618,d,2
rec-953-dup-0,m,samuel,campbell,2615,NA,9
rec-953-org,m,samuel,campbell,2615,g,8
rec-954-dup-0,m,tylan,meaney,2606,g,NA
rec-954-org,m,dylan,meaney,2606,g,4
rec-955-dup-0,m,zac,mortl0cl<,2602,s,NA
rec-955-org,m,zac,mortlock,2602,s,8
rec-956-dup-0,m,atam,rees,2611,h,4
rec-956-org,m,adam,rees,2611,j,4
rec-957-dup-0,f,katelvn,yy,2605,d,6
rec-957-org,f,katelyn,yu,2605,d,6
rec-958-dup-0,f,karissa,mudu,2615,NA,8
rec-958-org,f,karissa,moody,2615,s,8
rec-959-dup-0,f,irene,wilkpy,2904,k,9
rec-959-org,f,irene,wilkey,2904,k,8
rec-960-dup-0,f,jade,reid,2607,NA,NA
rec-960-org,f,jade,reid,2607,g,5
rec-961-dup-0,m,rohsn,mcgregor,2615,d,4
rec-961-org,m,rohan,mcgregor,2615,a,4
rec-962-dup-0,m,heney,paskoe,2902,s,5
rec-962-org,m,henry,pascoe,2902,s,5
rec-963-dup-0,m,connor,ryari,2600,NA,8
rec-963-org,m,connor,ryan,2600,h,8
rec-964-dup-0,m,joshva,ebbr,2600,d,6
rec-964-org,m,joshua,webb,2600,d,6
rec-965-dup-0,f,paris,gillud,2906,f,6
rec-965-org,f,paris,gillis,2906,d,6
rec-966-dup-0,f,jasmine,white,2914,NA,1
rec-966-org,f,jasmine,white,2914,h,2
rec-967-dup-0,m,nichilas,nguyen,2617,f,4
rec-967-org,m,nicholas,nguyen,2617,g,4
rec-968-dup-0,m,jayden,dinnison,2906,NA,3
rec-968-org,m,jayden,dinnison,2906,f,2
rec-969-dup-0,m,braiden,nguyen,2905,NA,NA
rec-969-org,m,braiden,nguyen,2905,a,6
rec-970-dup-0,m,chsrles,blows,2617,g,5
rec-970-org,m,charles,blows,2617,h,5
rec-971-dup-0,m,giann'l,loclc,2611,g,2
rec-971-org,m,gianni,lock,2611,g,2
rec-972-dup-0,m,blake,mccarthu,2914,d,4
rec-972-org,m,blake,mccarthy,2914,f,4
rec-973-dup-0,m,lachlan,reid,2603,NA,2
rec-973-org,m,lachlan,reid,2603,d,3
rec-974-dup-0,m,joel,wapper,2611,l,NA
rec-974-org,m,joel,wapper,2611,k,5
rec-975-dup-0,f,jemma,padman,2615,g,9
rec-975-org,f,jemma,badman,2615,g,8
rec-976-dup-0,m,charlie,maclenban,2605,NA,3
rec-976-org,m,charlie,maclennan,2605,d,3
rec-977-dup-0,m,aarohn,kanavan,2617,f,2
rec-977-org,m,aaron,canavan,2617,f,2
rec-978-dup-0,m,thomas,white,2615,NA,9
rec-978-org,m,thomas,white,2615,h,8
rec-979-dup-0,f,talia,pryer,2614,f,6
rec-979-org,f,talia,pryer,2614,g,7
rec-980-dup-0,f,sophle,campbel,2913,h,4
rec-980-org,f,sophie,campbell,2913,h,4
rec-981-dup-0,f,amber,rowve,2913,d,3
rec-981-org,f,amber,rowle,2913,s,3
rec-982-dup-0,f,courtney,nguyeri,2913,NA,7
rec-982-org,f,courtney,nguyen,2913,j,7
rec-983-dup-0,f,georhia,reece,2615,j,NA
rec-983-org,f,georgia,reece,2615,j,2
rec-984-dup-0,m,kane,manson,2604,s,NA
rec-984-org,m,kane,manson,2604,d,7
rec-985-dup-0,m,thomas,campbell,2611,NA,9
rec-985-org,m,thomas,campbell,2611,f,8
rec-986-dup-0,m,mitchzell,rosendale,2902,s,4
rec-986-org,m,mitchell,rosendale,2902,s,3
rec-987-dup-0,f,jessixa,wng,2903,f,2
rec-987-org,f,jessica,eng,2903,f,2
rec-988-dup-0,f,kelsey,mcphie,2617,NA,8
rec-988-org,f,kelsey,mcphie,2617,g,7
rec-989-dup-0,m,ryan,coleman,2602,s,1
rec-989-org,m,ryan,coleman,2602,d,2
rec-990-dup-0,m,jojhua,sagadewa,2913,NA,2
rec-990-org,m,joshua,sagadewa,2913,g,2
rec-991-dup-0,f,kailey,moysse,2906,NA,2
rec-991-org,f,kailey,moyse,2906,s,2
rec-992-dup-0,f,megcn,white,2913,f,NA
rec-992-org,f,megan,white,2913,f,5
rec-993-dup-0,f,taliah,bish0ip,2913,f,3
rec-993-org,f,taliah,bishop,2913,d,3
rec-994-dup-0,m,justib,pizzey,2905,NA,4
rec-994-org,m,justin,pizzey,2905,d,4
rec-995-dup-0,m,christ0pher,denholm,2602,l,5
rec-995-org,m,christopher,denholm,2602,k,5
rec-996-dup-0,m,joel,mccarty,2903,h,3
rec-996-org,m,joel,mccarthy,2903,g,3
rec-997-dup-0,f,sybelia,statham,2903,s,NA
rec-997-org,f,sybella,statham,2903,s,1
rec-998-dup-0,m,arche,tebbutt,2611,NA,7
rec-998-org,m,archie,tebbutt,2611,d,7
rec-999-dup-0,m,jav,browne,2606,d,NA
rec-999-org,m,jack,browne,2606,d,5
